-- phpMyAdmin SQL Dump
-- version 5.2.0
-- https://www.phpmyadmin.net/
--
-- Host: 127.0.0.1
-- Waktu pembuatan: 26 Jun 2022 pada 13.36
-- Versi server: 10.4.24-MariaDB
-- Versi PHP: 8.1.6

SET SQL_MODE = "NO_AUTO_VALUE_ON_ZERO";
START TRANSACTION;
SET time_zone = "+00:00";


/*!40101 SET @OLD_CHARACTER_SET_CLIENT=@@CHARACTER_SET_CLIENT */;
/*!40101 SET @OLD_CHARACTER_SET_RESULTS=@@CHARACTER_SET_RESULTS */;
/*!40101 SET @OLD_COLLATION_CONNECTION=@@COLLATION_CONNECTION */;
/*!40101 SET NAMES utf8mb4 */;

--
-- Database: `ecomm2022`
--

-- --------------------------------------------------------

--
-- Struktur dari tabel `ci_sessions`
--

CREATE TABLE `ci_sessions` (
  `id` varchar(40) NOT NULL,
  `ip_address` varchar(45) NOT NULL,
  `timestamp` int(10) UNSIGNED NOT NULL DEFAULT 0,
  `data` blob NOT NULL
) ENGINE=InnoDB DEFAULT CHARSET=utf8mb4;

--
-- Dumping data untuk tabel `ci_sessions`
--

INSERT INTO `ci_sessions` (`id`, `ip_address`, `timestamp`, `data`) VALUES
('07uivm8o1u2bm2g9fl9bd3mkt7k509l5', '::1', 1654603730, 0x5f5f63695f6c6173745f726567656e65726174657c693a313635343630333733303b726f6c655f69647c733a313a2231223b656d61696c7c733a31373a2241646d696e31406461727467632e636f6d223b69645f6c6f67696e7c733a32323a2238363731393836353436323966333630396366366234223b69647c733a313a2232223b636172745f636f6e74656e74737c613a333a7b733a31303a22636172745f746f74616c223b643a34303030303b733a31313a22746f74616c5f6974656d73223b643a313b733a33323a226334636134323338613062393233383230646363353039613666373538343962223b613a373a7b733a323a226964223b733a313a2231223b733a333a22717479223b643a313b733a353a227072696365223b643a34303030303b733a343a226e616d65223b733a363a22333030205650223b733a363a2267616d626172223b733a31323a2276616c6f72616e742e6a7067223b733a353a22726f776964223b733a33323a226334636134323338613062393233383230646363353039613666373538343962223b733a383a22737562746f74616c223b643a34303030303b7d7d),
('0k3c6324v4mg1911psn012ttl5ob630d', '::1', 1654602264, 0x5f5f63695f6c6173745f726567656e65726174657c693a313635343630323235333b726f6c655f69647c733a313a2231223b656d61696c7c733a31373a2241646d696e31406461727467632e636f6d223b69645f6c6f67696e7c733a32323a2238363731393836353436323966333630396366366234223b69647c733a313a2232223b636172745f636f6e74656e74737c613a333a7b733a31303a22636172745f746f74616c223b643a34303030303b733a31313a22746f74616c5f6974656d73223b643a313b733a33323a226334636134323338613062393233383230646363353039613666373538343962223b613a373a7b733a323a226964223b733a313a2231223b733a333a22717479223b643a313b733a353a227072696365223b643a34303030303b733a343a226e616d65223b733a363a22333030205650223b733a363a2267616d626172223b733a31323a2276616c6f72616e742e6a7067223b733a353a22726f776964223b733a33323a226334636134323338613062393233383230646363353039613666373538343962223b733a383a22737562746f74616c223b643a34303030303b7d7d),
('12lc2f076bann21poak9q62kpni53iu8', '::1', 1654937063, 0x5f5f63695f6c6173745f726567656e65726174657c693a313635343933373036333b656d61696c7c733a31373a2241646d696e31406461727467632e636f6d223b726f6c655f69647c733a313a2231223b69645f6c6f67696e7c733a32333a223132393436323538353436326134353031626462336133223b69647c733a313a2232223b),
('18227q43nukntkj5dhbbtma6vk1opl5i', '::1', 1655019977, 0x5f5f63695f6c6173745f726567656e65726174657c693a313635353031393937373b),
('1k16hegb1394nq4oh7jiiknbou027kgg', '::1', 1654938917, 0x5f5f63695f6c6173745f726567656e65726174657c693a313635343933383931373b656d61696c7c733a31373a2241646d696e31406461727467632e636f6d223b726f6c655f69647c733a313a2231223b69645f6c6f67696e7c733a32323a2235333739333537313736326134356366386365666634223b69647c733a313a2232223b),
('1lbb1utolms326siisfcgsmnpbqkp8pl', '::1', 1654780111, 0x5f5f63695f6c6173745f726567656e65726174657c693a313635343738303131313b656d61696c7c733a31373a2241646d696e31406461727467632e636f6d223b726f6c655f69647c733a313a2231223b69645f6c6f67696e7c733a32323a2231303230393237323236326131656636303238333962223b69647c733a313a2232223b636172745f636f6e74656e74737c613a333a7b733a31303a22636172745f746f74616c223b643a34303030303b733a31313a22746f74616c5f6974656d73223b643a313b733a33323a226334636134323338613062393233383230646363353039613666373538343962223b613a373a7b733a323a226964223b733a313a2231223b733a333a22717479223b643a313b733a353a227072696365223b643a34303030303b733a343a226e616d65223b733a363a22333030205650223b733a363a2267616d626172223b733a31323a2276616c6f72616e742e6a7067223b733a353a22726f776964223b733a33323a226334636134323338613062393233383230646363353039613666373538343962223b733a383a22737562746f74616c223b643a34303030303b7d7d),
('1ob4pomdoe8oa823l14fs342rcl4c53i', '::1', 1654675437, 0x5f5f63695f6c6173745f726567656e65726174657c693a313635343637353433373b656d61696c7c733a31373a2241646d696e31406461727467632e636f6d223b726f6c655f69647c733a313a2231223b69645f6c6f67696e7c733a32323a2237393535343932303636326130353035346232396132223b69647c733a313a2232223b636172745f636f6e74656e74737c613a333a7b733a31303a22636172745f746f74616c223b643a34303030303b733a31313a22746f74616c5f6974656d73223b643a313b733a33323a226334636134323338613062393233383230646363353039613666373538343962223b613a373a7b733a323a226964223b733a313a2231223b733a333a22717479223b643a313b733a353a227072696365223b643a34303030303b733a343a226e616d65223b733a363a22333030205650223b733a363a2267616d626172223b733a31323a2276616c6f72616e742e6a7067223b733a353a22726f776964223b733a33323a226334636134323338613062393233383230646363353039613666373538343962223b733a383a22737562746f74616c223b643a34303030303b7d7d),
('1p5bbsg6htsh388mlvenj3jhu3kpkkak', '::1', 1654856260, 0x5f5f63695f6c6173745f726567656e65726174657c693a313635343835363236303b6d6573736167657c733a3130303a223c64697620636c6173733d22616c65727420616c6572742d7761726e696e672220726f6c653d22616c657274223e46697475722064696e6f6e616b7469666b616e20756e74756b2073656d656e746172612077616b7475213c2f6469763e3c2f6469763e223b5f5f63695f766172737c613a313a7b733a373a226d657373616765223b733a333a226e6577223b7d),
('1s01g2u75ci4peqh3flp070lfkooj003', '::1', 1654799138, 0x5f5f63695f6c6173745f726567656e65726174657c693a313635343739393133383b726f6c655f69647c733a313a2231223b656d61696c7c733a31373a2241646d696e31406461727467632e636f6d223b69645f6c6f67696e7c733a32333a223133343232383439353936326132336134386364343439223b69647c733a313a2232223b636172745f636f6e74656e74737c613a333a7b733a31303a22636172745f746f74616c223b643a34303030303b733a31313a22746f74616c5f6974656d73223b643a313b733a33323a226334636134323338613062393233383230646363353039613666373538343962223b613a373a7b733a323a226964223b733a313a2231223b733a333a22717479223b643a313b733a353a227072696365223b643a34303030303b733a343a226e616d65223b733a363a22333030205650223b733a363a2267616d626172223b733a31323a2276616c6f72616e742e6a7067223b733a353a22726f776964223b733a33323a226334636134323338613062393233383230646363353039613666373538343962223b733a383a22737562746f74616c223b643a34303030303b7d7d),
('1tjljjtt0t24jrqr8f1s2hqhi28a41vu', '::1', 1654604131, 0x5f5f63695f6c6173745f726567656e65726174657c693a313635343630343133313b726f6c655f69647c733a313a2231223b656d61696c7c733a31373a2241646d696e31406461727467632e636f6d223b69645f6c6f67696e7c733a32323a2238363731393836353436323966333630396366366234223b69647c733a313a2232223b636172745f636f6e74656e74737c613a333a7b733a31303a22636172745f746f74616c223b643a34303030303b733a31313a22746f74616c5f6974656d73223b643a313b733a33323a226334636134323338613062393233383230646363353039613666373538343962223b613a373a7b733a323a226964223b733a313a2231223b733a333a22717479223b643a313b733a353a227072696365223b643a34303030303b733a343a226e616d65223b733a363a22333030205650223b733a363a2267616d626172223b733a31323a2276616c6f72616e742e6a7067223b733a353a22726f776964223b733a33323a226334636134323338613062393233383230646363353039613666373538343962223b733a383a22737562746f74616c223b643a34303030303b7d7d),
('2bq4rrktqrh7mh0oc39ng5r1j89qgtei', '::1', 1655106244, 0x5f5f63695f6c6173745f726567656e65726174657c693a313635353130363234343b656d61696c7c733a31373a2241646d696e31406461727467632e636f6d223b726f6c655f69647c733a313a2231223b69645f6c6f67696e7c733a32333a223135313937393134383136326136653362346335343538223b69647c733a313a2232223b),
('2df1c07sh472kmdfvgfdau6k9pbsnclk', '::1', 1654801405, 0x5f5f63695f6c6173745f726567656e65726174657c693a313635343830313430353b726f6c655f69647c733a313a2231223b656d61696c7c733a31373a2241646d696e31406461727467632e636f6d223b69645f6c6f67696e7c733a32333a223133343232383439353936326132336134386364343439223b69647c733a313a2232223b636172745f636f6e74656e74737c613a373a7b733a31303a22636172745f746f74616c223b643a3638353030303b733a31313a22746f74616c5f6974656d73223b643a363b733a33323a226334636134323338613062393233383230646363353039613666373538343962223b613a373a7b733a323a226964223b733a313a2231223b733a333a22717479223b643a313b733a353a227072696365223b643a34303030303b733a343a226e616d65223b733a363a22333030205650223b733a363a2267616d626172223b733a31323a2276616c6f72616e742e6a7067223b733a353a22726f776964223b733a33323a226334636134323338613062393233383230646363353039613666373538343962223b733a383a22737562746f74616c223b643a34303030303b7d733a33323a226338316537323864396434633266363336663036376638396363313438363263223b613a373a7b733a323a226964223b733a313a2232223b733a333a22717479223b643a323b733a353a227072696365223b643a36353030303b733a343a226e616d65223b733a363a22363235205650223b733a363a2267616d626172223b733a31323a2276616c6f72616e742e6a7067223b733a353a22726f776964223b733a33323a226338316537323864396434633266363336663036376638396363313438363263223b733a383a22737562746f74616c223b643a3133303030303b7d733a33323a226563636263383765346235636532666532383330386664396632613762616633223b613a373a7b733a323a226964223b733a313a2233223b733a333a22717479223b643a313b733a353a227072696365223b643a3132353030303b733a343a226e616d65223b733a373a2231313235205650223b733a363a2267616d626172223b733a31323a2276616c6f72616e742e6a7067223b733a353a22726f776964223b733a33323a226563636263383765346235636532666532383330386664396632613762616633223b733a383a22737562746f74616c223b643a3132353030303b7d733a33323a226138376666363739613266336537316439313831613637623735343231323263223b613a373a7b733a323a226964223b733a313a2234223b733a333a22717479223b643a313b733a353a227072696365223b643a3137353030303b733a343a226e616d65223b733a373a2231363530205650223b733a363a2267616d626172223b733a31323a2276616c6f72616e742e6a7067223b733a353a22726f776964223b733a33323a226138376666363739613266336537316439313831613637623735343231323263223b733a383a22737562746f74616c223b643a3137353030303b7d733a33323a226534646133623766626263653233343564373737326230363734613331386435223b613a373a7b733a323a226964223b733a313a2235223b733a333a22717479223b643a313b733a353a227072696365223b643a3231353030303b733a343a226e616d65223b733a373a2231393530205650223b733a363a2267616d626172223b733a31323a2276616c6f72616e742e6a7067223b733a353a22726f776964223b733a33323a226534646133623766626263653233343564373737326230363734613331386435223b733a383a22737562746f74616c223b643a3231353030303b7d7d),
('2f0mlt4mdh8b2nghliotl9lk1ic9gve6', '::1', 1655561610, 0x5f5f63695f6c6173745f726567656e65726174657c693a313635353536313631303b656d61696c7c733a31373a2241646d696e31406461727467632e636f6d223b726f6c655f69647c733a313a2231223b69645f6c6f67696e7c733a32333a223132353531333639313136326164643263323333303130223b69647c733a313a2232223b73756b7365737c733a39323a223c64697620636c6173733d22616c65727420616c6572742d737563636573732220726f6c653d22616c657274223e50617373776f726420686173206265656e206368616e6765642120506c65617365206c6f67696e2e3c2f6469763e223b5f5f63695f766172737c613a313a7b733a363a2273756b736573223b733a333a226f6c64223b7d),
('2lafkcpksufqlublosn5k6h36ljndva0', '::1', 1654803718, 0x5f5f63695f6c6173745f726567656e65726174657c693a313635343830333436323b726f6c655f69647c733a313a2231223b656d61696c7c733a31373a2241646d696e31406461727467632e636f6d223b69645f6c6f67696e7c733a32333a223133343232383439353936326132336134386364343439223b69647c733a313a2232223b636172745f636f6e74656e74737c613a353a7b733a31303a22636172745f746f74616c223b643a3233303030303b733a31313a22746f74616c5f6974656d73223b643a333b733a33323a226334636134323338613062393233383230646363353039613666373538343962223b613a373a7b733a323a226964223b733a313a2231223b733a333a22717479223b643a313b733a353a227072696365223b643a34303030303b733a343a226e616d65223b733a363a22333030205650223b733a363a2267616d626172223b733a31323a2276616c6f72616e742e6a7067223b733a353a22726f776964223b733a33323a226334636134323338613062393233383230646363353039613666373538343962223b733a383a22737562746f74616c223b643a34303030303b7d733a33323a226338316537323864396434633266363336663036376638396363313438363263223b613a373a7b733a323a226964223b733a313a2232223b733a333a22717479223b643a313b733a353a227072696365223b643a36353030303b733a343a226e616d65223b733a363a22363235205650223b733a363a2267616d626172223b733a31323a2276616c6f72616e742e6a7067223b733a353a22726f776964223b733a33323a226338316537323864396434633266363336663036376638396363313438363263223b733a383a22737562746f74616c223b643a36353030303b7d733a33323a226563636263383765346235636532666532383330386664396632613762616633223b613a373a7b733a323a226964223b733a313a2233223b733a333a22717479223b643a313b733a353a227072696365223b643a3132353030303b733a343a226e616d65223b733a373a2231313235205650223b733a363a2267616d626172223b733a31323a2276616c6f72616e742e6a7067223b733a353a22726f776964223b733a33323a226563636263383765346235636532666532383330386664396632613762616633223b733a383a22737562746f74616c223b643a3132353030303b7d7d),
('2loih8k6i7lv5nmnnpks4vm1ucuqqfo2', '::1', 1654941174, 0x5f5f63695f6c6173745f726567656e65726174657c693a313635343934313137343b656d61696c7c733a31373a2241646d696e31406461727467632e636f6d223b726f6c655f69647c733a313a2231223b69645f6c6f67696e7c733a32323a2235333739333537313736326134356366386365666634223b69647c733a313a2232223b),
('2nolqi6892m1a988ll1nbb95je6qdqnk', '::1', 1654602514, 0x5f5f63695f6c6173745f726567656e65726174657c693a313635343630323531343b),
('2tln877kb50mngh7nbdg9rodaji80uu8', '::1', 1655689630, 0x5f5f63695f6c6173745f726567656e65726174657c693a313635353638393633303b656d61696c7c733a31373a2241646d696e31406461727467632e636f6d223b726f6c655f69647c733a313a2231223b69645f6c6f67696e7c733a32323a2238363931353030363036326166636664373039636333223b69647c733a313a2232223b636172745f636f6e74656e74737c613a333a7b733a31303a22636172745f746f74616c223b643a34303030303b733a31313a22746f74616c5f6974656d73223b643a313b733a33323a226334636134323338613062393233383230646363353039613666373538343962223b613a373a7b733a323a226964223b733a313a2231223b733a333a22717479223b643a313b733a353a227072696365223b643a34303030303b733a343a226e616d65223b733a363a22333030205650223b733a363a2267616d626172223b733a31323a2276616c6f72616e742e6a7067223b733a353a22726f776964223b733a33323a226334636134323338613062393233383230646363353039613666373538343962223b733a383a22737562746f74616c223b643a34303030303b7d7d),
('303a917qm1u637ig4m2e1vkq7d0esgeb', '::1', 1655099788, 0x5f5f63695f6c6173745f726567656e65726174657c693a313635353039393738383b),
('312rv5rghbubu1kc4q00s6eqpt4v95em', '::1', 1654935575, 0x5f5f63695f6c6173745f726567656e65726174657c693a313635343933353537353b),
('33tvj053lse80vvsgaite3bu85d775dp', '127.0.0.1', 1655559289, 0x5f5f63695f6c6173745f726567656e65726174657c693a313635353535393238393b656d61696c7c733a31373a2241646d696e31406461727467632e636f6d223b726f6c655f69647c733a313a2231223b69645f6c6f67696e7c733a32333a223132353531333639313136326164643263323333303130223b69647c733a313a2232223b73756b7365737c733a3132363a223c64697620636c6173733d22616c65727420616c6572742d737563636573732220726f6c653d22616c657274223e436f6e67726174756c6174696f6e2120796f7572206163636f756e7420686173206265656e20637265617465642e20506c656173652061637469766520796f7572206163636f756e74213c2f6469763e223b5f5f63695f766172737c613a313a7b733a363a2273756b736573223b733a333a226f6c64223b7d),
('3s211f2rnnuoe99lpjbqm5t4lpb8027f', '::1', 1654595961, 0x5f5f63695f6c6173745f726567656e65726174657c693a313635343539353936313b656d61696c7c733a31373a2241646d696e31406461727467632e636f6d223b726f6c655f69647c733a313a2231223b69645f6c6f67696e7c733a32323a2238363930373036323036323966313561643763363131223b69647c733a313a2232223b),
('47tk2536jl40ji9272bjb02p749mc2e6', '::1', 1655562593, 0x5f5f63695f6c6173745f726567656e65726174657c693a313635353536323539333b726f6c655f69647c733a313a2231223b656d61696c7c733a31373a2241646d696e31406461727467632e636f6d223b69645f6c6f67696e7c733a32333a223131373731383038313436326164646564303235373761223b69647c733a313a2232223b636172745f636f6e74656e74737c613a343a7b733a31303a22636172745f746f74616c223b643a3130353030303b733a31313a22746f74616c5f6974656d73223b643a323b733a33323a226334636134323338613062393233383230646363353039613666373538343962223b613a373a7b733a323a226964223b733a313a2231223b733a333a22717479223b643a313b733a353a227072696365223b643a34303030303b733a343a226e616d65223b733a363a22333030205650223b733a363a2267616d626172223b733a31323a2276616c6f72616e742e6a7067223b733a353a22726f776964223b733a33323a226334636134323338613062393233383230646363353039613666373538343962223b733a383a22737562746f74616c223b643a34303030303b7d733a33323a226338316537323864396434633266363336663036376638396363313438363263223b613a373a7b733a323a226964223b733a313a2232223b733a333a22717479223b643a313b733a353a227072696365223b643a36353030303b733a343a226e616d65223b733a363a22363235205650223b733a363a2267616d626172223b733a31323a2276616c6f72616e742e6a7067223b733a353a22726f776964223b733a33323a226338316537323864396434633266363336663036376638396363313438363263223b733a383a22737562746f74616c223b643a36353030303b7d7d),
('49hhniqgkbmnvcb3hm0t0pi424fgndf9', '::1', 1654679747, 0x5f5f63695f6c6173745f726567656e65726174657c693a313635343637393634363b656d61696c7c733a31373a2241646d696e31406461727467632e636f6d223b726f6c655f69647c733a313a2231223b69645f6c6f67696e7c733a32323a2237393535343932303636326130353035346232396132223b69647c733a313a2232223b636172745f636f6e74656e74737c613a333a7b733a31303a22636172745f746f74616c223b643a34303030303b733a31313a22746f74616c5f6974656d73223b643a313b733a33323a226334636134323338613062393233383230646363353039613666373538343962223b613a373a7b733a323a226964223b733a313a2231223b733a333a22717479223b643a313b733a353a227072696365223b643a34303030303b733a343a226e616d65223b733a363a22333030205650223b733a363a2267616d626172223b733a31323a2276616c6f72616e742e6a7067223b733a353a22726f776964223b733a33323a226334636134323338613062393233383230646363353039613666373538343962223b733a383a22737562746f74616c223b643a34303030303b7d7d),
('4c3avvudoacpqbieleh9pu5ismk44g41', '::1', 1654598953, 0x5f5f63695f6c6173745f726567656e65726174657c693a313635343539383935333b726f6c655f69647c733a313a2231223b656d61696c7c733a31373a2241646d696e31406461727467632e636f6d223b69645f6c6f67696e7c733a32333a223131333535353930383236323966323665623034383761223b69647c733a313a2232223b),
('4ijevov52edn5q5eg2ebm3l8m4gjfm1m', '::1', 1654940196, 0x5f5f63695f6c6173745f726567656e65726174657c693a313635343934303139363b656d61696c7c733a31373a2241646d696e31406461727467632e636f6d223b726f6c655f69647c733a313a2231223b69645f6c6f67696e7c733a32323a2235333739333537313736326134356366386365666634223b69647c733a313a2232223b),
('4nq12plevc6u663j3ult33rtlgava0si', '::1', 1654596856, 0x5f5f63695f6c6173745f726567656e65726174657c693a313635343539363835363b656d61696c7c733a31373a2241646d696e31406461727467632e636f6d223b726f6c655f69647c733a313a2231223b69645f6c6f67696e7c733a32323a2238363930373036323036323966313561643763363131223b69647c733a313a2232223b),
('50nch3vhbrb1o8m5a4mk3r5g2n5umdmi', '::1', 1654605631, 0x5f5f63695f6c6173745f726567656e65726174657c693a313635343630353632343b726f6c655f69647c733a313a2231223b656d61696c7c733a31373a2241646d696e31406461727467632e636f6d223b69645f6c6f67696e7c733a32323a2238363731393836353436323966333630396366366234223b69647c733a313a2232223b636172745f636f6e74656e74737c613a333a7b733a31303a22636172745f746f74616c223b643a34303030303b733a31313a22746f74616c5f6974656d73223b643a313b733a33323a226334636134323338613062393233383230646363353039613666373538343962223b613a373a7b733a323a226964223b733a313a2231223b733a333a22717479223b643a313b733a353a227072696365223b643a34303030303b733a343a226e616d65223b733a363a22333030205650223b733a363a2267616d626172223b733a31323a2276616c6f72616e742e6a7067223b733a353a22726f776964223b733a33323a226334636134323338613062393233383230646363353039613666373538343962223b733a383a22737562746f74616c223b643a34303030303b7d7d),
('56smahldllaoqv7gjto5h2hktgb3s44b', '::1', 1654677863, 0x5f5f63695f6c6173745f726567656e65726174657c693a313635343637373836333b656d61696c7c733a31373a2241646d696e31406461727467632e636f6d223b726f6c655f69647c733a313a2231223b69645f6c6f67696e7c733a32323a2237393535343932303636326130353035346232396132223b69647c733a313a2232223b636172745f636f6e74656e74737c613a333a7b733a31303a22636172745f746f74616c223b643a34303030303b733a31313a22746f74616c5f6974656d73223b643a313b733a33323a226334636134323338613062393233383230646363353039613666373538343962223b613a373a7b733a323a226964223b733a313a2231223b733a333a22717479223b643a313b733a353a227072696365223b643a34303030303b733a343a226e616d65223b733a363a22333030205650223b733a363a2267616d626172223b733a31323a2276616c6f72616e742e6a7067223b733a353a22726f776964223b733a33323a226334636134323338613062393233383230646363353039613666373538343962223b733a383a22737562746f74616c223b643a34303030303b7d7d),
('5coocld9ns4jb2qc8a4amhiobnqbq1h8', '::1', 1654674404, 0x5f5f63695f6c6173745f726567656e65726174657c693a313635343637343430343b656d61696c7c733a31373a2241646d696e31406461727467632e636f6d223b726f6c655f69647c733a313a2231223b69645f6c6f67696e7c733a32323a2237393535343932303636326130353035346232396132223b69647c733a313a2232223b636172745f636f6e74656e74737c613a333a7b733a31303a22636172745f746f74616c223b643a34303030303b733a31313a22746f74616c5f6974656d73223b643a313b733a33323a226334636134323338613062393233383230646363353039613666373538343962223b613a373a7b733a323a226964223b733a313a2231223b733a333a22717479223b643a313b733a353a227072696365223b643a34303030303b733a343a226e616d65223b733a363a22333030205650223b733a363a2267616d626172223b733a31323a2276616c6f72616e742e6a7067223b733a353a22726f776964223b733a33323a226334636134323338613062393233383230646363353039613666373538343962223b733a383a22737562746f74616c223b643a34303030303b7d7d),
('5i909p003j698cb5s4hl11ug2ce91ol6', '::1', 1655693921, 0x5f5f63695f6c6173745f726567656e65726174657c693a313635353639333932313b726f6c655f69647c733a313a2232223b656d61696c7c733a31363a227573657232406461727467632e636f6d223b69645f6c6f67696e7c733a32323a2239323232313935343536326166653035366162303661223b69647c733a313a2236223b),
('5pa2hjhj7fj27e3jg1iflpjfhbgqv74b', '::1', 1654942414, 0x5f5f63695f6c6173745f726567656e65726174657c693a313635343934323431343b),
('5qjib0e8qb8acc501nd74vnjpolu4t8t', '::1', 1654794236, 0x5f5f63695f6c6173745f726567656e65726174657c693a313635343739343233363b656d61696c7c733a31373a2241646d696e31406461727467632e636f6d223b726f6c655f69647c733a313a2231223b69645f6c6f67696e7c733a32323a2231353239373233353236326132323638656561633035223b69647c733a313a2232223b636172745f636f6e74656e74737c613a333a7b733a31303a22636172745f746f74616c223b643a34303030303b733a31313a22746f74616c5f6974656d73223b643a313b733a33323a226334636134323338613062393233383230646363353039613666373538343962223b613a373a7b733a323a226964223b733a313a2231223b733a333a22717479223b643a313b733a353a227072696365223b643a34303030303b733a343a226e616d65223b733a363a22333030205650223b733a363a2267616d626172223b733a31323a2276616c6f72616e742e6a7067223b733a353a22726f776964223b733a33323a226334636134323338613062393233383230646363353039613666373538343962223b733a383a22737562746f74616c223b643a34303030303b7d7d),
('64fge9a59ntqs29v58d9v81h55salpsr', '::1', 1654675873, 0x5f5f63695f6c6173745f726567656e65726174657c693a313635343637353837333b656d61696c7c733a31373a2241646d696e31406461727467632e636f6d223b726f6c655f69647c733a313a2231223b69645f6c6f67696e7c733a32323a2237393535343932303636326130353035346232396132223b69647c733a313a2232223b636172745f636f6e74656e74737c613a333a7b733a31303a22636172745f746f74616c223b643a34303030303b733a31313a22746f74616c5f6974656d73223b643a313b733a33323a226334636134323338613062393233383230646363353039613666373538343962223b613a373a7b733a323a226964223b733a313a2231223b733a333a22717479223b643a313b733a353a227072696365223b643a34303030303b733a343a226e616d65223b733a363a22333030205650223b733a363a2267616d626172223b733a31323a2276616c6f72616e742e6a7067223b733a353a22726f776964223b733a33323a226334636134323338613062393233383230646363353039613666373538343962223b733a383a22737562746f74616c223b643a34303030303b7d7d),
('665t8i3p217v3lv9j4jbhvkc9sv7dcn5', '::1', 1655116463, 0x5f5f63695f6c6173745f726567656e65726174657c693a313635353131363338393b726f6c655f69647c733a313a2231223b656d61696c7c733a31373a2241646d696e31406461727467632e636f6d223b69645f6c6f67696e7c733a32333a223132303138393434313236326137313134373761343537223b69647c733a313a2232223b),
('6jlrbn3f2h4uv85br76o5vs0dbtijke3', '::1', 1654802550, 0x5f5f63695f6c6173745f726567656e65726174657c693a313635343830323535303b726f6c655f69647c733a313a2231223b656d61696c7c733a31373a2241646d696e31406461727467632e636f6d223b69645f6c6f67696e7c733a32333a223133343232383439353936326132336134386364343439223b69647c733a313a2232223b),
('6p8veq4i1s9g6hrr80ud8ebag0q98r5s', '::1', 1655017138, 0x5f5f63695f6c6173745f726567656e65726174657c693a313635353031373133383b),
('6srn6dr9qgreokm8fl6jq6a556a156k5', '::1', 1654801014, 0x5f5f63695f6c6173745f726567656e65726174657c693a313635343830313031343b726f6c655f69647c733a313a2231223b656d61696c7c733a31373a2241646d696e31406461727467632e636f6d223b69645f6c6f67696e7c733a32333a223133343232383439353936326132336134386364343439223b69647c733a313a2232223b636172745f636f6e74656e74737c613a343a7b733a31303a22636172745f746f74616c223b643a3137303030303b733a31313a22746f74616c5f6974656d73223b643a333b733a33323a226334636134323338613062393233383230646363353039613666373538343962223b613a373a7b733a323a226964223b733a313a2231223b733a333a22717479223b643a313b733a353a227072696365223b643a34303030303b733a343a226e616d65223b733a363a22333030205650223b733a363a2267616d626172223b733a31323a2276616c6f72616e742e6a7067223b733a353a22726f776964223b733a33323a226334636134323338613062393233383230646363353039613666373538343962223b733a383a22737562746f74616c223b643a34303030303b7d733a33323a226338316537323864396434633266363336663036376638396363313438363263223b613a373a7b733a323a226964223b733a313a2232223b733a333a22717479223b643a323b733a353a227072696365223b643a36353030303b733a343a226e616d65223b733a363a22363235205650223b733a363a2267616d626172223b733a31323a2276616c6f72616e742e6a7067223b733a353a22726f776964223b733a33323a226338316537323864396434633266363336663036376638396363313438363263223b733a383a22737562746f74616c223b643a3133303030303b7d7d),
('6usk60oppmook3r3bro7bpttgv0th15p', '::1', 1655098915, 0x5f5f63695f6c6173745f726567656e65726174657c693a313635353039383931353b666c6173687c733a3130313a223c64697620636c6173733d22616c65727420616c6572742d737563636573732220726f6c653d22616c657274223e5472616e73616b736920426572686173696c2120506573616e616e20616b616e2073656765726120646970726f7365732e3c2f6469763e223b5f5f63695f766172737c613a313a7b733a353a22666c617368223b733a333a226f6c64223b7d),
('753q6hkfdgiisvca4g6rtm6ssmngcp6t', '::1', 1654944567, 0x5f5f63695f6c6173745f726567656e65726174657c693a313635343934343536373b656d61696c7c733a31373a2241646d696e31406461727467632e636f6d223b726f6c655f69647c733a313a2231223b69645f6c6f67696e7c733a32333a223230383639313935363536326134366463633766656261223b69647c733a313a2232223b6b6579776f72647c733a313a2231223b),
('7b3u3d6nuqpo80o412sefa37bmsq9gnv', '::1', 1654601565, 0x5f5f63695f6c6173745f726567656e65726174657c693a313635343630313536353b726f6c655f69647c733a313a2231223b656d61696c7c733a31373a2241646d696e31406461727467632e636f6d223b69645f6c6f67696e7c733a32323a2238363731393836353436323966333630396366366234223b69647c733a313a2232223b636172745f636f6e74656e74737c613a333a7b733a31303a22636172745f746f74616c223b643a34303030303b733a31313a22746f74616c5f6974656d73223b643a313b733a33323a226334636134323338613062393233383230646363353039613666373538343962223b613a373a7b733a323a226964223b733a313a2231223b733a333a22717479223b643a313b733a353a227072696365223b643a34303030303b733a343a226e616d65223b733a363a22333030205650223b733a363a2267616d626172223b733a31323a2276616c6f72616e742e6a7067223b733a353a22726f776964223b733a33323a226334636134323338613062393233383230646363353039613666373538343962223b733a383a22737562746f74616c223b643a34303030303b7d7d),
('7jaide0tpveqken3pfuj8dtdt115q6i2', '::1', 1655028945, 0x5f5f63695f6c6173745f726567656e65726174657c693a313635353032383934353b656d61696c7c733a31373a2241646d696e31406461727467632e636f6d223b726f6c655f69647c733a313a2231223b69645f6c6f67696e7c733a32333a223138373438303133333636326135623232303566366263223b69647c733a313a2232223b),
('7ui502f5jntckkad971pv6mb0psieoud', '::1', 1654944790, 0x5f5f63695f6c6173745f726567656e65726174657c693a313635343934343536373b656d61696c7c733a31373a2241646d696e31406461727467632e636f6d223b726f6c655f69647c733a313a2231223b69645f6c6f67696e7c733a32333a223230383639313935363536326134366463633766656261223b69647c733a313a2232223b6b6579776f72647c733a313a2231223b),
('8343dss8ptba1qu1dsip2t9q0qg79n3m', '::1', 1654801731, 0x5f5f63695f6c6173745f726567656e65726174657c693a313635343830313733313b726f6c655f69647c733a313a2231223b656d61696c7c733a31373a2241646d696e31406461727467632e636f6d223b69645f6c6f67696e7c733a32333a223133343232383439353936326132336134386364343439223b69647c733a313a2232223b636172745f636f6e74656e74737c613a363a7b733a31303a22636172745f746f74616c223b643a313037303030303b733a31313a22746f74616c5f6974656d73223b643a353b733a33323a226334636134323338613062393233383230646363353039613666373538343962223b613a373a7b733a323a226964223b733a313a2231223b733a333a22717479223b643a313b733a353a227072696365223b643a34303030303b733a343a226e616d65223b733a363a22333030205650223b733a363a2267616d626172223b733a31323a2276616c6f72616e742e6a7067223b733a353a22726f776964223b733a33323a226334636134323338613062393233383230646363353039613666373538343962223b733a383a22737562746f74616c223b643a34303030303b7d733a33323a226338316537323864396434633266363336663036376638396363313438363263223b613a373a7b733a323a226964223b733a313a2232223b733a333a22717479223b643a323b733a353a227072696365223b643a36353030303b733a343a226e616d65223b733a363a22363235205650223b733a363a2267616d626172223b733a31323a2276616c6f72616e742e6a7067223b733a353a22726f776964223b733a33323a226338316537323864396434633266363336663036376638396363313438363263223b733a383a22737562746f74616c223b643a3133303030303b7d733a33323a226138376666363739613266336537316439313831613637623735343231323263223b613a373a7b733a323a226964223b733a313a2234223b733a333a22717479223b643a313b733a353a227072696365223b643a3137353030303b733a343a226e616d65223b733a373a2231363530205650223b733a363a2267616d626172223b733a31323a2276616c6f72616e742e6a7067223b733a353a22726f776964223b733a33323a226138376666363739613266336537316439313831613637623735343231323263223b733a383a22737562746f74616c223b643a3137353030303b7d733a33323a223866313465343566636565613136376135613336646564643462656132353433223b613a373a7b733a323a226964223b733a313a2237223b733a333a22717479223b643a313b733a353a227072696365223b643a3732353030303b733a343a226e616d65223b733a373a2237303030205650223b733a363a2267616d626172223b733a31323a2276616c6f72616e742e6a7067223b733a353a22726f776964223b733a33323a223866313465343566636565613136376135613336646564643462656132353433223b733a383a22737562746f74616c223b643a3732353030303b7d7d),
('83ntpg8ogu475356haauu7rb8uuqtnbc', '::1', 1655019465, 0x5f5f63695f6c6173745f726567656e65726174657c693a313635353031393436353b),
('8bb0ro9at1i3rdik15bldfm3i0t22b82', '::1', 1654677203, 0x5f5f63695f6c6173745f726567656e65726174657c693a313635343637373230333b656d61696c7c733a31373a2241646d696e31406461727467632e636f6d223b726f6c655f69647c733a313a2231223b69645f6c6f67696e7c733a32323a2237393535343932303636326130353035346232396132223b69647c733a313a2232223b636172745f636f6e74656e74737c613a333a7b733a31303a22636172745f746f74616c223b643a34303030303b733a31313a22746f74616c5f6974656d73223b643a313b733a33323a226334636134323338613062393233383230646363353039613666373538343962223b613a373a7b733a323a226964223b733a313a2231223b733a333a22717479223b643a313b733a353a227072696365223b643a34303030303b733a343a226e616d65223b733a363a22333030205650223b733a363a2267616d626172223b733a31323a2276616c6f72616e742e6a7067223b733a353a22726f776964223b733a33323a226334636134323338613062393233383230646363353039613666373538343962223b733a383a22737562746f74616c223b643a34303030303b7d7d),
('8c2ub8f0n1lel6nspr10h3k3lg9nvhiv', '::1', 1654944054, 0x5f5f63695f6c6173745f726567656e65726174657c693a313635343934343035343b656d61696c7c733a31373a2241646d696e31406461727467632e636f6d223b726f6c655f69647c733a313a2231223b69645f6c6f67696e7c733a32333a223230383639313935363536326134366463633766656261223b69647c733a313a2232223b),
('8c5tksa2etvri4p4vfql9atbre9vqduv', '::1', 1655022348, 0x5f5f63695f6c6173745f726567656e65726174657c693a313635353032323334383b),
('8c7mt047fdlmt26mfmivo21i1igi421r', '::1', 1655018729, 0x5f5f63695f6c6173745f726567656e65726174657c693a313635353031383732393b),
('8hqvg9ekoa7c39j8qa5c2dk56b1q09bl', '::1', 1654936244, 0x5f5f63695f6c6173745f726567656e65726174657c693a313635343933363234343b656d61696c7c733a31373a2241646d696e31406461727467632e636f6d223b726f6c655f69647c733a313a2231223b69645f6c6f67696e7c733a32333a223132393436323538353436326134353031626462336133223b69647c733a313a2232223b),
('8ld92g889soe3691308hu1h0a9kbklsn', '::1', 1654940869, 0x5f5f63695f6c6173745f726567656e65726174657c693a313635343934303836393b656d61696c7c733a31373a2241646d696e31406461727467632e636f6d223b726f6c655f69647c733a313a2231223b69645f6c6f67696e7c733a32323a2235333739333537313736326134356366386365666634223b69647c733a313a2232223b),
('8p5u4uqogosjtlot72aes50tbk1fubpu', '::1', 1654941587, 0x5f5f63695f6c6173745f726567656e65726174657c693a313635343934313538373b656d61696c7c733a31373a2241646d696e31406461727467632e636f6d223b726f6c655f69647c733a313a2231223b69645f6c6f67696e7c733a32323a2235333739333537313736326134356366386365666634223b69647c733a313a2232223b),
('8p6ie4pot7o0djs4232hraln6vctncnm', '::1', 1654601937, 0x5f5f63695f6c6173745f726567656e65726174657c693a313635343630313933373b726f6c655f69647c733a313a2231223b656d61696c7c733a31373a2241646d696e31406461727467632e636f6d223b69645f6c6f67696e7c733a32323a2238363731393836353436323966333630396366366234223b69647c733a313a2232223b636172745f636f6e74656e74737c613a333a7b733a31303a22636172745f746f74616c223b643a34303030303b733a31313a22746f74616c5f6974656d73223b643a313b733a33323a226334636134323338613062393233383230646363353039613666373538343962223b613a373a7b733a323a226964223b733a313a2231223b733a333a22717479223b643a313b733a353a227072696365223b643a34303030303b733a343a226e616d65223b733a363a22333030205650223b733a363a2267616d626172223b733a31323a2276616c6f72616e742e6a7067223b733a353a22726f776964223b733a33323a226334636134323338613062393233383230646363353039613666373538343962223b733a383a22737562746f74616c223b643a34303030303b7d7d),
('8q0um6pdn09ug7cv2dd12hfjh20d7mfd', '::1', 1654803462, 0x5f5f63695f6c6173745f726567656e65726174657c693a313635343830333436323b726f6c655f69647c733a313a2231223b656d61696c7c733a31373a2241646d696e31406461727467632e636f6d223b69645f6c6f67696e7c733a32333a223133343232383439353936326132336134386364343439223b69647c733a313a2232223b636172745f636f6e74656e74737c613a353a7b733a31303a22636172745f746f74616c223b643a3233303030303b733a31313a22746f74616c5f6974656d73223b643a333b733a33323a226334636134323338613062393233383230646363353039613666373538343962223b613a373a7b733a323a226964223b733a313a2231223b733a333a22717479223b643a313b733a353a227072696365223b643a34303030303b733a343a226e616d65223b733a363a22333030205650223b733a363a2267616d626172223b733a31323a2276616c6f72616e742e6a7067223b733a353a22726f776964223b733a33323a226334636134323338613062393233383230646363353039613666373538343962223b733a383a22737562746f74616c223b643a34303030303b7d733a33323a226338316537323864396434633266363336663036376638396363313438363263223b613a373a7b733a323a226964223b733a313a2232223b733a333a22717479223b643a313b733a353a227072696365223b643a36353030303b733a343a226e616d65223b733a363a22363235205650223b733a363a2267616d626172223b733a31323a2276616c6f72616e742e6a7067223b733a353a22726f776964223b733a33323a226338316537323864396434633266363336663036376638396363313438363263223b733a383a22737562746f74616c223b643a36353030303b7d733a33323a226563636263383765346235636532666532383330386664396632613762616633223b613a373a7b733a323a226964223b733a313a2233223b733a333a22717479223b643a313b733a353a227072696365223b643a3132353030303b733a343a226e616d65223b733a373a2231313235205650223b733a363a2267616d626172223b733a31323a2276616c6f72616e742e6a7067223b733a353a22726f776964223b733a33323a226563636263383765346235636532666532383330386664396632613762616633223b733a383a22737562746f74616c223b643a3132353030303b7d7d),
('8tgs4simoo7vpp97cgkkm07hmm5oe0ng', '::1', 1654937962, 0x5f5f63695f6c6173745f726567656e65726174657c693a313635343933373936323b656d61696c7c733a31373a2241646d696e31406461727467632e636f6d223b726f6c655f69647c733a313a2231223b69645f6c6f67696e7c733a32333a223132393436323538353436326134353031626462336133223b69647c733a313a2232223b),
('98nmkjrhiepp2ttkod11rjtj5n95q6tu', '::1', 1655096437, 0x5f5f63695f6c6173745f726567656e65726174657c693a313635353039363433373b666c6173687c733a3130313a223c64697620636c6173733d22616c65727420616c6572742d737563636573732220726f6c653d22616c657274223e5472616e73616b736920426572686173696c2120506573616e616e20616b616e2073656765726120646970726f7365732e3c2f6469763e223b5f5f63695f766172737c613a313a7b733a353a22666c617368223b733a333a226e6577223b7d),
('9et5rrqrhdh9hbehmhmp5uibgtfse5bd', '::1', 1655029837, 0x5f5f63695f6c6173745f726567656e65726174657c693a313635353032393833373b656d61696c7c733a31373a2241646d696e31406461727467632e636f6d223b726f6c655f69647c733a313a2231223b69645f6c6f67696e7c733a32333a223138373438303133333636326135623232303566366263223b69647c733a313a2232223b666c6173687c733a3130313a223c64697620636c6173733d22616c65727420616c6572742d737563636573732220726f6c653d22616c657274223e5472616e73616b736920426572686173696c2120506573616e616e20616b616e2073656765726120646970726f7365732e3c2f6469763e223b5f5f63695f766172737c613a313a7b733a353a22666c617368223b733a333a226f6c64223b7d),
('9f2eshko3jev0ifhcjoe6lojlvlk8boj', '::1', 1654939532, 0x5f5f63695f6c6173745f726567656e65726174657c693a313635343933393533323b656d61696c7c733a31373a2241646d696e31406461727467632e636f6d223b726f6c655f69647c733a313a2231223b69645f6c6f67696e7c733a32323a2235333739333537313736326134356366386365666634223b69647c733a313a2232223b),
('9rog8nr3vvnm5afbhpd680fpe6feiaec', '::1', 1654942759, 0x5f5f63695f6c6173745f726567656e65726174657c693a313635343934323735393b),
('9sn73itid5nu0ru9acdtpg08g86dqhi5', '::1', 1654795570, 0x5f5f63695f6c6173745f726567656e65726174657c693a313635343739353537303b656d61696c7c733a31373a2241646d696e31406461727467632e636f6d223b726f6c655f69647c733a313a2231223b69645f6c6f67696e7c733a32323a2231353239373233353236326132323638656561633035223b69647c733a313a2232223b636172745f636f6e74656e74737c613a343a7b733a31303a22636172745f746f74616c223b643a3130353030303b733a31313a22746f74616c5f6974656d73223b643a323b733a33323a226334636134323338613062393233383230646363353039613666373538343962223b613a373a7b733a323a226964223b733a313a2231223b733a333a22717479223b643a313b733a353a227072696365223b643a34303030303b733a343a226e616d65223b733a363a22333030205650223b733a363a2267616d626172223b733a31323a2276616c6f72616e742e6a7067223b733a353a22726f776964223b733a33323a226334636134323338613062393233383230646363353039613666373538343962223b733a383a22737562746f74616c223b643a34303030303b7d733a33323a226338316537323864396434633266363336663036376638396363313438363263223b613a373a7b733a323a226964223b733a313a2232223b733a333a22717479223b643a313b733a353a227072696365223b643a36353030303b733a343a226e616d65223b733a363a22363235205650223b733a363a2267616d626172223b733a31323a2276616c6f72616e742e6a7067223b733a353a22726f776964223b733a33323a226338316537323864396434633266363336663036376638396363313438363263223b733a383a22737562746f74616c223b643a36353030303b7d7d),
('9uirb1idqmhaja0tuq8sanc1vifr9mnh', '::1', 1654780434, 0x5f5f63695f6c6173745f726567656e65726174657c693a313635343738303433343b656d61696c7c733a31373a2241646d696e31406461727467632e636f6d223b726f6c655f69647c733a313a2231223b69645f6c6f67696e7c733a32323a2231303230393237323236326131656636303238333962223b69647c733a313a2232223b636172745f636f6e74656e74737c613a343a7b733a31303a22636172745f746f74616c223b643a3130353030303b733a31313a22746f74616c5f6974656d73223b643a323b733a33323a226334636134323338613062393233383230646363353039613666373538343962223b613a373a7b733a323a226964223b733a313a2231223b733a333a22717479223b643a313b733a353a227072696365223b643a34303030303b733a343a226e616d65223b733a363a22333030205650223b733a363a2267616d626172223b733a31323a2276616c6f72616e742e6a7067223b733a353a22726f776964223b733a33323a226334636134323338613062393233383230646363353039613666373538343962223b733a383a22737562746f74616c223b643a34303030303b7d733a33323a226338316537323864396434633266363336663036376638396363313438363263223b613a373a7b733a323a226964223b733a313a2232223b733a333a22717479223b643a313b733a353a227072696365223b643a36353030303b733a343a226e616d65223b733a363a22363235205650223b733a363a2267616d626172223b733a31323a2276616c6f72616e742e6a7067223b733a353a22726f776964223b733a33323a226338316537323864396434633266363336663036376638396363313438363263223b733a383a22737562746f74616c223b643a36353030303b7d7d),
('a9mbh93asi9e5knu1p0dcjr5qrd1i6sb', '::1', 1654678588, 0x5f5f63695f6c6173745f726567656e65726174657c693a313635343637383538383b656d61696c7c733a31373a2241646d696e31406461727467632e636f6d223b726f6c655f69647c733a313a2231223b69645f6c6f67696e7c733a32323a2237393535343932303636326130353035346232396132223b69647c733a313a2232223b636172745f636f6e74656e74737c613a333a7b733a31303a22636172745f746f74616c223b643a34303030303b733a31313a22746f74616c5f6974656d73223b643a313b733a33323a226334636134323338613062393233383230646363353039613666373538343962223b613a373a7b733a323a226964223b733a313a2231223b733a333a22717479223b643a313b733a353a227072696365223b643a34303030303b733a343a226e616d65223b733a363a22333030205650223b733a363a2267616d626172223b733a31323a2276616c6f72616e742e6a7067223b733a353a22726f776964223b733a33323a226334636134323338613062393233383230646363353039613666373538343962223b733a383a22737562746f74616c223b643a34303030303b7d7d666c6173687c733a36393a223c64697620636c6173733d22616c65727420616c6572742d737563636573732220726f6c653d22616c657274223e506573616e616e20426572686173696c213c2f6469763e223b5f5f63695f766172737c613a313a7b733a353a22666c617368223b733a333a226e6577223b7d),
('aaampiik79vsuien5g4j4tu43jh72glj', '::1', 1654674071, 0x5f5f63695f6c6173745f726567656e65726174657c693a313635343637343037313b656d61696c7c733a31373a2241646d696e31406461727467632e636f6d223b726f6c655f69647c733a313a2231223b69645f6c6f67696e7c733a32323a2237393535343932303636326130353035346232396132223b69647c733a313a2232223b636172745f636f6e74656e74737c613a333a7b733a31303a22636172745f746f74616c223b643a34303030303b733a31313a22746f74616c5f6974656d73223b643a313b733a33323a226334636134323338613062393233383230646363353039613666373538343962223b613a373a7b733a323a226964223b733a313a2231223b733a333a22717479223b643a313b733a353a227072696365223b643a34303030303b733a343a226e616d65223b733a363a22333030205650223b733a363a2267616d626172223b733a31323a2276616c6f72616e742e6a7067223b733a353a22726f776964223b733a33323a226334636134323338613062393233383230646363353039613666373538343962223b733a383a22737562746f74616c223b643a34303030303b7d7d),
('airmn9t6rs18aggggs24tqjsl063tjdv', '::1', 1655019123, 0x5f5f63695f6c6173745f726567656e65726174657c693a313635353031393132333b),
('arfvfp6obfjboib8ljjlvi6h3pa5c48f', '::1', 1655098532, 0x5f5f63695f6c6173745f726567656e65726174657c693a313635353039383533323b666c6173687c733a3130313a223c64697620636c6173733d22616c65727420616c6572742d737563636573732220726f6c653d22616c657274223e5472616e73616b736920426572686173696c2120506573616e616e20616b616e2073656765726120646970726f7365732e3c2f6469763e223b5f5f63695f766172737c613a313a7b733a353a22666c617368223b733a333a226f6c64223b7d),
('b1hf53f8mis311gjdkhhvd4n914hb2ue', '::1', 1655116389, 0x5f5f63695f6c6173745f726567656e65726174657c693a313635353131363338393b726f6c655f69647c733a313a2231223b656d61696c7c733a31373a2241646d696e31406461727467632e636f6d223b69645f6c6f67696e7c733a32333a223132303138393434313236326137313134373761343537223b69647c733a313a2232223b),
('b29nh29oarbl88bltvh89v3aljaeb4od', '::1', 1654676200, 0x5f5f63695f6c6173745f726567656e65726174657c693a313635343637363230303b656d61696c7c733a31373a2241646d696e31406461727467632e636f6d223b726f6c655f69647c733a313a2231223b69645f6c6f67696e7c733a32323a2237393535343932303636326130353035346232396132223b69647c733a313a2232223b636172745f636f6e74656e74737c613a333a7b733a31303a22636172745f746f74616c223b643a34303030303b733a31313a22746f74616c5f6974656d73223b643a313b733a33323a226334636134323338613062393233383230646363353039613666373538343962223b613a373a7b733a323a226964223b733a313a2231223b733a333a22717479223b643a313b733a353a227072696365223b643a34303030303b733a343a226e616d65223b733a363a22333030205650223b733a363a2267616d626172223b733a31323a2276616c6f72616e742e6a7067223b733a353a22726f776964223b733a33323a226334636134323338613062393233383230646363353039613666373538343962223b733a383a22737562746f74616c223b643a34303030303b7d7d),
('b2j0ge6npvj4h2kpleq7fg7lj85q79dp', '::1', 1654793867, 0x5f5f63695f6c6173745f726567656e65726174657c693a313635343739333836373b),
('b4nb5rpemciabg7fqaija66ba3ohlagq', '::1', 1654604942, 0x5f5f63695f6c6173745f726567656e65726174657c693a313635343630343934323b726f6c655f69647c733a313a2231223b656d61696c7c733a31373a2241646d696e31406461727467632e636f6d223b69645f6c6f67696e7c733a32323a2238363731393836353436323966333630396366366234223b69647c733a313a2232223b636172745f636f6e74656e74737c613a333a7b733a31303a22636172745f746f74616c223b643a34303030303b733a31313a22746f74616c5f6974656d73223b643a313b733a33323a226334636134323338613062393233383230646363353039613666373538343962223b613a373a7b733a323a226964223b733a313a2231223b733a333a22717479223b643a313b733a353a227072696365223b643a34303030303b733a343a226e616d65223b733a363a22333030205650223b733a363a2267616d626172223b733a31323a2276616c6f72616e742e6a7067223b733a353a22726f776964223b733a33323a226334636134323338613062393233383230646363353039613666373538343962223b733a383a22737562746f74616c223b643a34303030303b7d7d),
('b5cm1941otjqfhrsq2op2ji40o013jt1', '::1', 1655096741, 0x5f5f63695f6c6173745f726567656e65726174657c693a313635353039363734313b),
('batbfdlcurlcr1sk8sn6b3k18gfb2ll7', '::1', 1654602656, 0x5f5f63695f6c6173745f726567656e65726174657c693a313635343630323635363b726f6c655f69647c733a313a2231223b656d61696c7c733a31373a2241646d696e31406461727467632e636f6d223b69645f6c6f67696e7c733a32323a2238363731393836353436323966333630396366366234223b69647c733a313a2232223b636172745f636f6e74656e74737c613a333a7b733a31303a22636172745f746f74616c223b643a34303030303b733a31313a22746f74616c5f6974656d73223b643a313b733a33323a226334636134323338613062393233383230646363353039613666373538343962223b613a373a7b733a323a226964223b733a313a2231223b733a333a22717479223b643a313b733a353a227072696365223b643a34303030303b733a343a226e616d65223b733a363a22333030205650223b733a363a2267616d626172223b733a31323a2276616c6f72616e742e6a7067223b733a353a22726f776964223b733a33323a226334636134323338613062393233383230646363353039613666373538343962223b733a383a22737562746f74616c223b643a34303030303b7d7d),
('bc065aacqqoo4p19eds33o7tkjsva0mp', '::1', 1655562262, 0x5f5f63695f6c6173745f726567656e65726174657c693a313635353536323236323b726f6c655f69647c733a313a2231223b656d61696c7c733a31373a2241646d696e31406461727467632e636f6d223b69645f6c6f67696e7c733a32333a223131373731383038313436326164646564303235373761223b69647c733a313a2232223b636172745f636f6e74656e74737c613a343a7b733a31303a22636172745f746f74616c223b643a3130353030303b733a31313a22746f74616c5f6974656d73223b643a323b733a33323a226334636134323338613062393233383230646363353039613666373538343962223b613a373a7b733a323a226964223b733a313a2231223b733a333a22717479223b643a313b733a353a227072696365223b643a34303030303b733a343a226e616d65223b733a363a22333030205650223b733a363a2267616d626172223b733a31323a2276616c6f72616e742e6a7067223b733a353a22726f776964223b733a33323a226334636134323338613062393233383230646363353039613666373538343962223b733a383a22737562746f74616c223b643a34303030303b7d733a33323a226338316537323864396434633266363336663036376638396363313438363263223b613a373a7b733a323a226964223b733a313a2232223b733a333a22717479223b643a313b733a353a227072696365223b643a36353030303b733a343a226e616d65223b733a363a22363235205650223b733a363a2267616d626172223b733a31323a2276616c6f72616e742e6a7067223b733a353a22726f776964223b733a33323a226338316537323864396434633266363336663036376638396363313438363263223b733a383a22737562746f74616c223b643a36353030303b7d7d),
('bejo7ntbtqhcv44cf0j2p20jg92schoo', '::1', 1654604574, 0x5f5f63695f6c6173745f726567656e65726174657c693a313635343630343537343b726f6c655f69647c733a313a2231223b656d61696c7c733a31373a2241646d696e31406461727467632e636f6d223b69645f6c6f67696e7c733a32323a2238363731393836353436323966333630396366366234223b69647c733a313a2232223b636172745f636f6e74656e74737c613a333a7b733a31303a22636172745f746f74616c223b643a34303030303b733a31313a22746f74616c5f6974656d73223b643a313b733a33323a226334636134323338613062393233383230646363353039613666373538343962223b613a373a7b733a323a226964223b733a313a2231223b733a333a22717479223b643a313b733a353a227072696365223b643a34303030303b733a343a226e616d65223b733a363a22333030205650223b733a363a2267616d626172223b733a31323a2276616c6f72616e742e6a7067223b733a353a22726f776964223b733a33323a226334636134323338613062393233383230646363353039613666373538343962223b733a383a22737562746f74616c223b643a34303030303b7d7d);
INSERT INTO `ci_sessions` (`id`, `ip_address`, `timestamp`, `data`) VALUES
('bpe2v63lhn6qhj003b084h9glbuclhbq', '::1', 1654798207, 0x5f5f63695f6c6173745f726567656e65726174657c693a313635343739383230373b656d61696c7c733a31373a2241646d696e31406461727467632e636f6d223b726f6c655f69647c733a313a2231223b69645f6c6f67696e7c733a32323a2231353239373233353236326132323638656561633035223b69647c733a313a2232223b636172745f636f6e74656e74737c613a353a7b733a31303a22636172745f746f74616c223b643a3333353030303b733a31313a22746f74616c5f6974656d73223b643a353b733a33323a226334636134323338613062393233383230646363353039613666373538343962223b613a373a7b733a323a226964223b733a313a2231223b733a333a22717479223b643a323b733a353a227072696365223b643a34303030303b733a343a226e616d65223b733a363a22333030205650223b733a363a2267616d626172223b733a31323a2276616c6f72616e742e6a7067223b733a353a22726f776964223b733a33323a226334636134323338613062393233383230646363353039613666373538343962223b733a383a22737562746f74616c223b643a38303030303b7d733a33323a226338316537323864396434633266363336663036376638396363313438363263223b613a373a7b733a323a226964223b733a313a2232223b733a333a22717479223b643a323b733a353a227072696365223b643a36353030303b733a343a226e616d65223b733a363a22363235205650223b733a363a2267616d626172223b733a31323a2276616c6f72616e742e6a7067223b733a353a22726f776964223b733a33323a226338316537323864396434633266363336663036376638396363313438363263223b733a383a22737562746f74616c223b643a3133303030303b7d733a33323a226563636263383765346235636532666532383330386664396632613762616633223b613a373a7b733a323a226964223b733a313a2233223b733a333a22717479223b643a313b733a353a227072696365223b643a3132353030303b733a343a226e616d65223b733a373a2231313235205650223b733a363a2267616d626172223b733a31323a2276616c6f72616e742e6a7067223b733a353a22726f776964223b733a33323a226563636263383765346235636532666532383330386664396632613762616633223b733a383a22737562746f74616c223b643a3132353030303b7d7d),
('ckgkitep1phcjp6541fugf4uci7eefrq', '::1', 1654780783, 0x5f5f63695f6c6173745f726567656e65726174657c693a313635343738303738333b656d61696c7c733a31373a2241646d696e31406461727467632e636f6d223b726f6c655f69647c733a313a2231223b69645f6c6f67696e7c733a32323a2231303230393237323236326131656636303238333962223b69647c733a313a2232223b636172745f636f6e74656e74737c613a343a7b733a31303a22636172745f746f74616c223b643a3130353030303b733a31313a22746f74616c5f6974656d73223b643a323b733a33323a226334636134323338613062393233383230646363353039613666373538343962223b613a373a7b733a323a226964223b733a313a2231223b733a333a22717479223b643a313b733a353a227072696365223b643a34303030303b733a343a226e616d65223b733a363a22333030205650223b733a363a2267616d626172223b733a31323a2276616c6f72616e742e6a7067223b733a353a22726f776964223b733a33323a226334636134323338613062393233383230646363353039613666373538343962223b733a383a22737562746f74616c223b643a34303030303b7d733a33323a226338316537323864396434633266363336663036376638396363313438363263223b613a373a7b733a323a226964223b733a313a2232223b733a333a22717479223b643a313b733a353a227072696365223b643a36353030303b733a343a226e616d65223b733a363a22363235205650223b733a363a2267616d626172223b733a31323a2276616c6f72616e742e6a7067223b733a353a22726f776964223b733a33323a226338316537323864396434633266363336663036376638396363313438363263223b733a383a22737562746f74616c223b643a36353030303b7d7d),
('csqt34odrm7v72rc2qd6q3778u36pqau', '::1', 1654597868, 0x5f5f63695f6c6173745f726567656e65726174657c693a313635343539373836383b726f6c655f69647c733a313a2231223b656d61696c7c733a31373a2241646d696e31406461727467632e636f6d223b69645f6c6f67696e7c733a32333a223131333535353930383236323966323665623034383761223b69647c733a313a2232223b),
('cu6rd9e5uf2spqsrbfeo7iirc2r0vo7s', '::1', 1655016809, 0x5f5f63695f6c6173745f726567656e65726174657c693a313635353031363830393b),
('d24hsllo2dtu5ij7e9bsjngjbvcmroo3', '::1', 1654796641, 0x5f5f63695f6c6173745f726567656e65726174657c693a313635343739363634313b656d61696c7c733a31373a2241646d696e31406461727467632e636f6d223b726f6c655f69647c733a313a2231223b69645f6c6f67696e7c733a32323a2231353239373233353236326132323638656561633035223b69647c733a313a2232223b636172745f636f6e74656e74737c613a343a7b733a31303a22636172745f746f74616c223b643a3231303030303b733a31313a22746f74616c5f6974656d73223b643a343b733a33323a226334636134323338613062393233383230646363353039613666373538343962223b613a373a7b733a323a226964223b733a313a2231223b733a333a22717479223b643a323b733a353a227072696365223b643a34303030303b733a343a226e616d65223b733a363a22333030205650223b733a363a2267616d626172223b733a31323a2276616c6f72616e742e6a7067223b733a353a22726f776964223b733a33323a226334636134323338613062393233383230646363353039613666373538343962223b733a383a22737562746f74616c223b643a38303030303b7d733a33323a226338316537323864396434633266363336663036376638396363313438363263223b613a373a7b733a323a226964223b733a313a2232223b733a333a22717479223b643a323b733a353a227072696365223b643a36353030303b733a343a226e616d65223b733a363a22363235205650223b733a363a2267616d626172223b733a31323a2276616c6f72616e742e6a7067223b733a353a22726f776964223b733a33323a226338316537323864396434633266363336663036376638396363313438363263223b733a383a22737562746f74616c223b643a3133303030303b7d7d),
('d38bk8ioi4nt20kmcfe7ijeej6v85eao', '::1', 1654677562, 0x5f5f63695f6c6173745f726567656e65726174657c693a313635343637373536323b656d61696c7c733a31373a2241646d696e31406461727467632e636f6d223b726f6c655f69647c733a313a2231223b69645f6c6f67696e7c733a32323a2237393535343932303636326130353035346232396132223b69647c733a313a2232223b636172745f636f6e74656e74737c613a333a7b733a31303a22636172745f746f74616c223b643a34303030303b733a31313a22746f74616c5f6974656d73223b643a313b733a33323a226334636134323338613062393233383230646363353039613666373538343962223b613a373a7b733a323a226964223b733a313a2231223b733a333a22717479223b643a313b733a353a227072696365223b643a34303030303b733a343a226e616d65223b733a363a22333030205650223b733a363a2267616d626172223b733a31323a2276616c6f72616e742e6a7067223b733a353a22726f776964223b733a33323a226334636134323338613062393233383230646363353039613666373538343962223b733a383a22737562746f74616c223b643a34303030303b7d7d),
('d848ir4tu7akrltvjq770s12fcjrfusf', '::1', 1655691779, 0x5f5f63695f6c6173745f726567656e65726174657c693a313635353639313737393b656d61696c7c733a31373a2241646d696e31406461727467632e636f6d223b726f6c655f69647c733a313a2231223b69645f6c6f67696e7c733a32313a22323131353639333736326166643732363365633633223b69647c733a313a2232223b636172745f636f6e74656e74737c613a333a7b733a31303a22636172745f746f74616c223b643a38303030303b733a31313a22746f74616c5f6974656d73223b643a323b733a33323a226334636134323338613062393233383230646363353039613666373538343962223b613a373a7b733a323a226964223b733a313a2231223b733a333a22717479223b643a323b733a353a227072696365223b643a34303030303b733a343a226e616d65223b733a363a22333030205650223b733a363a2267616d626172223b733a31323a2276616c6f72616e742e6a7067223b733a353a22726f776964223b733a33323a226334636134323338613062393233383230646363353039613666373538343962223b733a383a22737562746f74616c223b643a38303030303b7d7d),
('d9i0osnuaa99kho6fc0b5s18g3q3g09m', '::1', 1654938282, 0x5f5f63695f6c6173745f726567656e65726174657c693a313635343933383238323b656d61696c7c733a31373a2241646d696e31406461727467632e636f6d223b726f6c655f69647c733a313a2231223b69645f6c6f67696e7c733a32333a223132393436323538353436326134353031626462336133223b69647c733a313a2232223b),
('dj0nemoe4qjf9ineso86fslff37dr3ks', '::1', 1655560654, 0x5f5f63695f6c6173745f726567656e65726174657c693a313635353536303635343b656d61696c7c733a31373a2241646d696e31406461727467632e636f6d223b726f6c655f69647c733a313a2231223b69645f6c6f67696e7c733a32333a223132353531333639313136326164643263323333303130223b69647c733a313a2232223b6d6573736167657c733a3130303a223c64697620636c6173733d22616c65727420616c6572742d7761726e696e672220726f6c653d22616c657274223e46697475722064696e6f6e616b7469666b616e20756e74756b2073656d656e746172612077616b7475213c2f6469763e3c2f6469763e223b5f5f63695f766172737c613a313a7b733a373a226d657373616765223b733a333a226e6577223b7d),
('dv8ulrp3q61eomrk7tjep9sarp8a1bf5', '::1', 1654781264, 0x5f5f63695f6c6173745f726567656e65726174657c693a313635343738313236343b656d61696c7c733a31373a2241646d696e31406461727467632e636f6d223b726f6c655f69647c733a313a2231223b69645f6c6f67696e7c733a32323a2231303230393237323236326131656636303238333962223b69647c733a313a2232223b636172745f636f6e74656e74737c613a343a7b733a31303a22636172745f746f74616c223b643a3130353030303b733a31313a22746f74616c5f6974656d73223b643a323b733a33323a226334636134323338613062393233383230646363353039613666373538343962223b613a373a7b733a323a226964223b733a313a2231223b733a333a22717479223b643a313b733a353a227072696365223b643a34303030303b733a343a226e616d65223b733a363a22333030205650223b733a363a2267616d626172223b733a31323a2276616c6f72616e742e6a7067223b733a353a22726f776964223b733a33323a226334636134323338613062393233383230646363353039613666373538343962223b733a383a22737562746f74616c223b643a34303030303b7d733a33323a226338316537323864396434633266363336663036376638396363313438363263223b613a373a7b733a323a226964223b733a313a2232223b733a333a22717479223b643a313b733a353a227072696365223b643a36353030303b733a343a226e616d65223b733a363a22363235205650223b733a363a2267616d626172223b733a31323a2276616c6f72616e742e6a7067223b733a353a22726f776964223b733a33323a226338316537323864396434633266363336663036376638396363313438363263223b733a383a22737562746f74616c223b643a36353030303b7d7d),
('e5aetvi1lak90mjv8u69srid8jk70q3o', '::1', 1655030576, 0x5f5f63695f6c6173745f726567656e65726174657c693a313635353033303537363b656d61696c7c733a31373a2241646d696e31406461727467632e636f6d223b726f6c655f69647c733a313a2231223b69645f6c6f67696e7c733a32333a223138373438303133333636326135623232303566366263223b69647c733a313a2232223b),
('e9tk0qjbgnofiercr984lkl22sjia3re', '::1', 1655562932, 0x5f5f63695f6c6173745f726567656e65726174657c693a313635353536323933323b726f6c655f69647c733a313a2231223b656d61696c7c733a31373a2241646d696e31406461727467632e636f6d223b69645f6c6f67696e7c733a32333a223131373731383038313436326164646564303235373761223b69647c733a313a2232223b636172745f636f6e74656e74737c613a343a7b733a31303a22636172745f746f74616c223b643a3130353030303b733a31313a22746f74616c5f6974656d73223b643a323b733a33323a226334636134323338613062393233383230646363353039613666373538343962223b613a373a7b733a323a226964223b733a313a2231223b733a333a22717479223b643a313b733a353a227072696365223b643a34303030303b733a343a226e616d65223b733a363a22333030205650223b733a363a2267616d626172223b733a31323a2276616c6f72616e742e6a7067223b733a353a22726f776964223b733a33323a226334636134323338613062393233383230646363353039613666373538343962223b733a383a22737562746f74616c223b643a34303030303b7d733a33323a226338316537323864396434633266363336663036376638396363313438363263223b613a373a7b733a323a226964223b733a313a2232223b733a333a22717479223b643a313b733a353a227072696365223b643a36353030303b733a343a226e616d65223b733a363a22363235205650223b733a363a2267616d626172223b733a31323a2276616c6f72616e742e6a7067223b733a353a22726f776964223b733a33323a226338316537323864396434633266363336663036376638396363313438363263223b733a383a22737562746f74616c223b643a36353030303b7d7d666c6173687c733a37333a223c64697620636c6173733d22616c65727420616c6572742d737563636573732220726f6c653d22616c657274223e557064617465204361727420426572686173696c213c2f6469763e223b5f5f63695f766172737c613a313a7b733a353a22666c617368223b733a333a226f6c64223b7d),
('eh8v30000cdqo7l0ple5h0cq57lbc0u5', '::1', 1654798746, 0x5f5f63695f6c6173745f726567656e65726174657c693a313635343739383734363b726f6c655f69647c733a313a2231223b636172745f636f6e74656e74737c613a353a7b733a31303a22636172745f746f74616c223b643a3333353030303b733a31313a22746f74616c5f6974656d73223b643a353b733a33323a226334636134323338613062393233383230646363353039613666373538343962223b613a373a7b733a323a226964223b733a313a2231223b733a333a22717479223b643a323b733a353a227072696365223b643a34303030303b733a343a226e616d65223b733a363a22333030205650223b733a363a2267616d626172223b733a31323a2276616c6f72616e742e6a7067223b733a353a22726f776964223b733a33323a226334636134323338613062393233383230646363353039613666373538343962223b733a383a22737562746f74616c223b643a38303030303b7d733a33323a226338316537323864396434633266363336663036376638396363313438363263223b613a373a7b733a323a226964223b733a313a2232223b733a333a22717479223b643a323b733a353a227072696365223b643a36353030303b733a343a226e616d65223b733a363a22363235205650223b733a363a2267616d626172223b733a31323a2276616c6f72616e742e6a7067223b733a353a22726f776964223b733a33323a226338316537323864396434633266363336663036376638396363313438363263223b733a383a22737562746f74616c223b643a3133303030303b7d733a33323a226563636263383765346235636532666532383330386664396632613762616633223b613a373a7b733a323a226964223b733a313a2233223b733a333a22717479223b643a313b733a353a227072696365223b643a3132353030303b733a343a226e616d65223b733a373a2231313235205650223b733a363a2267616d626172223b733a31323a2276616c6f72616e742e6a7067223b733a353a22726f776964223b733a33323a226563636263383765346235636532666532383330386664396632613762616633223b733a383a22737562746f74616c223b643a3132353030303b7d7d656d61696c7c733a31373a2241646d696e31406461727467632e636f6d223b69645f6c6f67696e7c733a32323a2234333839363033323436326132333766653338613166223b69647c733a313a2232223b),
('fdsvt5pi6u7lgbfc0derm03juujsc763', '::1', 1655016062, 0x5f5f63695f6c6173745f726567656e65726174657c693a313635353031363036323b),
('feajb87atmlogr1h0pinqclhhanej31f', '::1', 1655692104, 0x5f5f63695f6c6173745f726567656e65726174657c693a313635353639323130343b656d61696c7c733a31373a2241646d696e31406461727467632e636f6d223b726f6c655f69647c733a313a2231223b69645f6c6f67696e7c733a32313a22323131353639333736326166643732363365633633223b69647c733a313a2232223b636172745f636f6e74656e74737c613a343a7b733a31303a22636172745f746f74616c223b643a3830353030303b733a31313a22746f74616c5f6974656d73223b643a333b733a33323a226334636134323338613062393233383230646363353039613666373538343962223b613a373a7b733a323a226964223b733a313a2231223b733a333a22717479223b643a323b733a353a227072696365223b643a34303030303b733a343a226e616d65223b733a363a22333030205650223b733a363a2267616d626172223b733a31323a2276616c6f72616e742e6a7067223b733a353a22726f776964223b733a33323a226334636134323338613062393233383230646363353039613666373538343962223b733a383a22737562746f74616c223b643a38303030303b7d733a33323a223866313465343566636565613136376135613336646564643462656132353433223b613a373a7b733a323a226964223b733a313a2237223b733a333a22717479223b643a313b733a353a227072696365223b643a3732353030303b733a343a226e616d65223b733a373a2237303030205650223b733a363a2267616d626172223b733a31323a2276616c6f72616e742e6a7067223b733a353a22726f776964223b733a33323a223866313465343566636565613136376135613336646564643462656132353433223b733a383a22737562746f74616c223b643a3732353030303b7d7d),
('fi8ce8vakhtllh6ajvthpc6kvo3kp2d6', '::1', 1655692714, 0x5f5f63695f6c6173745f726567656e65726174657c693a313635353639323731343b656d61696c7c733a31373a2241646d696e31406461727467632e636f6d223b726f6c655f69647c733a313a2231223b69645f6c6f67696e7c733a32313a22323131353639333736326166643732363365633633223b69647c733a313a2232223b),
('gcs3abfuvk5chht8mm0ioi3f0e1jfteo', '::1', 1654679646, 0x5f5f63695f6c6173745f726567656e65726174657c693a313635343637393634363b656d61696c7c733a31373a2241646d696e31406461727467632e636f6d223b726f6c655f69647c733a313a2231223b69645f6c6f67696e7c733a32323a2237393535343932303636326130353035346232396132223b69647c733a313a2232223b636172745f636f6e74656e74737c613a333a7b733a31303a22636172745f746f74616c223b643a34303030303b733a31313a22746f74616c5f6974656d73223b643a313b733a33323a226334636134323338613062393233383230646363353039613666373538343962223b613a373a7b733a323a226964223b733a313a2231223b733a333a22717479223b643a313b733a353a227072696365223b643a34303030303b733a343a226e616d65223b733a363a22333030205650223b733a363a2267616d626172223b733a31323a2276616c6f72616e742e6a7067223b733a353a22726f776964223b733a33323a226334636134323338613062393233383230646363353039613666373538343962223b733a383a22737562746f74616c223b643a34303030303b7d7d),
('gfhuu8c8lvdh7ia9mnjtvji7nhgg8m6k', '::1', 1654598598, 0x5f5f63695f6c6173745f726567656e65726174657c693a313635343539383539383b726f6c655f69647c733a313a2231223b656d61696c7c733a31373a2241646d696e31406461727467632e636f6d223b69645f6c6f67696e7c733a32333a223131333535353930383236323966323665623034383761223b69647c733a313a2232223b),
('ghn6fp3df5illvpdbfnd32elel8beuhf', '::1', 1655027290, 0x5f5f63695f6c6173745f726567656e65726174657c693a313635353032373239303b656d61696c7c733a31373a2241646d696e31406461727467632e636f6d223b726f6c655f69647c733a313a2231223b69645f6c6f67696e7c733a32333a223138373438303133333636326135623232303566366263223b69647c733a313a2232223b666c6173687c733a3130313a223c64697620636c6173733d22616c65727420616c6572742d737563636573732220726f6c653d22616c657274223e5472616e73616b736920426572686173696c2120506573616e616e20616b616e2073656765726120646970726f7365732e3c2f6469763e223b5f5f63695f766172737c613a313a7b733a353a22666c617368223b733a333a226f6c64223b7d),
('gimkcmls72tieocepd244djlmvbnh852', '::1', 1654597229, 0x5f5f63695f6c6173745f726567656e65726174657c693a313635343539373232393b656d61696c7c733a31373a2241646d696e31406461727467632e636f6d223b726f6c655f69647c733a313a2231223b69645f6c6f67696e7c733a32323a2238363930373036323036323966313561643763363131223b69647c733a313a2232223b),
('gmks8kepgbsma1n0lg6e1e9vgh8qdeug', '::1', 1655691042, 0x5f5f63695f6c6173745f726567656e65726174657c693a313635353639313034323b656d61696c7c733a31373a2241646d696e31406461727467632e636f6d223b726f6c655f69647c733a313a2231223b69645f6c6f67696e7c733a32323a2238363931353030363036326166636664373039636333223b69647c733a313a2232223b636172745f636f6e74656e74737c613a333a7b733a31303a22636172745f746f74616c223b643a38303030303b733a31313a22746f74616c5f6974656d73223b643a323b733a33323a226334636134323338613062393233383230646363353039613666373538343962223b613a373a7b733a323a226964223b733a313a2231223b733a333a22717479223b643a323b733a353a227072696365223b643a34303030303b733a343a226e616d65223b733a363a22333030205650223b733a363a2267616d626172223b733a31323a2276616c6f72616e742e6a7067223b733a353a22726f776964223b733a33323a226334636134323338613062393233383230646363353039613666373538343962223b733a383a22737562746f74616c223b643a38303030303b7d7d666c6173687c733a36373a223c64697620636c6173733d22616c65727420616c6572742d64616e6765722220726f6c653d22616c657274223e5472616e73616b736920476167616c213c2f6469763e223b5f5f63695f766172737c613a313a7b733a353a22666c617368223b733a333a226f6c64223b7d),
('go4cv82rot18506ecvtna8uvue3ujnoh', '::1', 1655030153, 0x5f5f63695f6c6173745f726567656e65726174657c693a313635353033303135333b656d61696c7c733a31373a2241646d696e31406461727467632e636f6d223b726f6c655f69647c733a313a2231223b69645f6c6f67696e7c733a32333a223138373438303133333636326135623232303566366263223b69647c733a313a2232223b),
('gtbomtarq0erum49so7mea5dm5uhc1ru', '::1', 1655027612, 0x5f5f63695f6c6173745f726567656e65726174657c693a313635353032373631323b656d61696c7c733a31373a2241646d696e31406461727467632e636f6d223b726f6c655f69647c733a313a2231223b69645f6c6f67696e7c733a32333a223138373438303133333636326135623232303566366263223b69647c733a313a2232223b),
('h536qctuepuam208dvgi03g2ee5eqlch', '::1', 1654603419, 0x5f5f63695f6c6173745f726567656e65726174657c693a313635343630333431393b726f6c655f69647c733a313a2231223b656d61696c7c733a31373a2241646d696e31406461727467632e636f6d223b69645f6c6f67696e7c733a32323a2238363731393836353436323966333630396366366234223b69647c733a313a2232223b636172745f636f6e74656e74737c613a333a7b733a31303a22636172745f746f74616c223b643a34303030303b733a31313a22746f74616c5f6974656d73223b643a313b733a33323a226334636134323338613062393233383230646363353039613666373538343962223b613a373a7b733a323a226964223b733a313a2231223b733a333a22717479223b643a313b733a353a227072696365223b643a34303030303b733a343a226e616d65223b733a363a22333030205650223b733a363a2267616d626172223b733a31323a2276616c6f72616e742e6a7067223b733a353a22726f776964223b733a33323a226334636134323338613062393233383230646363353039613666373538343962223b733a383a22737562746f74616c223b643a34303030303b7d7d),
('hc7epho3fug61egntat67qn0n5odn5lf', '::1', 1655560290, 0x5f5f63695f6c6173745f726567656e65726174657c693a313635353536303239303b656d61696c7c733a31373a2241646d696e31406461727467632e636f6d223b726f6c655f69647c733a313a2231223b69645f6c6f67696e7c733a32333a223132353531333639313136326164643263323333303130223b69647c733a313a2232223b73756b7365737c733a3132363a223c64697620636c6173733d22616c65727420616c6572742d737563636573732220726f6c653d22616c657274223e436f6e67726174756c6174696f6e2120796f7572206163636f756e7420686173206265656e20637265617465642e20506c656173652061637469766520796f7572206163636f756e74213c2f6469763e223b5f5f63695f766172737c613a313a7b733a363a2273756b736573223b733a333a226f6c64223b7d),
('hkrji9u1tgrcllp1scbcd30ig19ln5sa', '::1', 1654859121, 0x5f5f63695f6c6173745f726567656e65726174657c693a313635343835393132313b726f6c655f69647c733a313a2232223b656d61696c7c733a31363a227573657232406461727467632e636f6d223b69645f6c6f67696e7c733a32323a2236373339363638373836326133316264633363386439223b69647c733a313a2236223b),
('hl0gaio86ubv6gqrii9k15tpd4ap32ri', '::1', 1654935935, 0x5f5f63695f6c6173745f726567656e65726174657c693a313635343933353933353b656d61696c7c733a31373a2241646d696e31406461727467632e636f6d223b726f6c655f69647c733a313a2231223b69645f6c6f67696e7c733a32333a223132393436323538353436326134353031626462336133223b69647c733a313a2232223b),
('hq5pvgju78vfnopt475v6obpnrmtap1o', '::1', 1654603566, 0x5f5f63695f6c6173745f726567656e65726174657c693a313635343630333536363b),
('i8v7ov2ltr5lkkm02rkh6jg8e0t7cve0', '::1', 1654599300, 0x5f5f63695f6c6173745f726567656e65726174657c693a313635343539393330303b726f6c655f69647c733a313a2231223b656d61696c7c733a31373a2241646d696e31406461727467632e636f6d223b69645f6c6f67696e7c733a32333a223131333535353930383236323966323665623034383761223b69647c733a313a2232223b),
('iad02bmel1fn5dpm751pggltsslfkk9k', '::1', 1655563243, 0x5f5f63695f6c6173745f726567656e65726174657c693a313635353536333234333b726f6c655f69647c733a313a2231223b656d61696c7c733a31373a2241646d696e31406461727467632e636f6d223b69645f6c6f67696e7c733a32333a223131373731383038313436326164646564303235373761223b69647c733a313a2232223b636172745f636f6e74656e74737c613a343a7b733a31303a22636172745f746f74616c223b643a3130353030303b733a31313a22746f74616c5f6974656d73223b643a323b733a33323a226334636134323338613062393233383230646363353039613666373538343962223b613a373a7b733a323a226964223b733a313a2231223b733a333a22717479223b643a313b733a353a227072696365223b643a34303030303b733a343a226e616d65223b733a363a22333030205650223b733a363a2267616d626172223b733a31323a2276616c6f72616e742e6a7067223b733a353a22726f776964223b733a33323a226334636134323338613062393233383230646363353039613666373538343962223b733a383a22737562746f74616c223b643a34303030303b7d733a33323a226338316537323864396434633266363336663036376638396363313438363263223b613a373a7b733a323a226964223b733a313a2232223b733a333a22717479223b643a313b733a353a227072696365223b643a36353030303b733a343a226e616d65223b733a363a22363235205650223b733a363a2267616d626172223b733a31323a2276616c6f72616e742e6a7067223b733a353a22726f776964223b733a33323a226338316537323864396434633266363336663036376638396363313438363263223b733a383a22737562746f74616c223b643a36353030303b7d7d),
('ig7m0108cmdr2a7pa7u1q5dm41124en7', '::1', 1654794592, 0x5f5f63695f6c6173745f726567656e65726174657c693a313635343739343539323b656d61696c7c733a31373a2241646d696e31406461727467632e636f6d223b726f6c655f69647c733a313a2231223b69645f6c6f67696e7c733a32323a2231353239373233353236326132323638656561633035223b69647c733a313a2232223b636172745f636f6e74656e74737c613a343a7b733a31303a22636172745f746f74616c223b643a3130353030303b733a31313a22746f74616c5f6974656d73223b643a323b733a33323a226334636134323338613062393233383230646363353039613666373538343962223b613a373a7b733a323a226964223b733a313a2231223b733a333a22717479223b643a313b733a353a227072696365223b643a34303030303b733a343a226e616d65223b733a363a22333030205650223b733a363a2267616d626172223b733a31323a2276616c6f72616e742e6a7067223b733a353a22726f776964223b733a33323a226334636134323338613062393233383230646363353039613666373538343962223b733a383a22737562746f74616c223b643a34303030303b7d733a33323a226338316537323864396434633266363336663036376638396363313438363263223b613a373a7b733a323a226964223b733a313a2232223b733a333a22717479223b643a313b733a353a227072696365223b643a36353030303b733a343a226e616d65223b733a363a22363235205650223b733a363a2267616d626172223b733a31323a2276616c6f72616e742e6a7067223b733a353a22726f776964223b733a33323a226338316537323864396434633266363336663036376638396363313438363263223b733a383a22737562746f74616c223b643a36353030303b7d7d),
('ijm933nopdhks4chs6bdouq8g97p7eog', '::1', 1654676551, 0x5f5f63695f6c6173745f726567656e65726174657c693a313635343637363535313b656d61696c7c733a31373a2241646d696e31406461727467632e636f6d223b726f6c655f69647c733a313a2231223b69645f6c6f67696e7c733a32323a2237393535343932303636326130353035346232396132223b69647c733a313a2232223b636172745f636f6e74656e74737c613a333a7b733a31303a22636172745f746f74616c223b643a34303030303b733a31313a22746f74616c5f6974656d73223b643a313b733a33323a226334636134323338613062393233383230646363353039613666373538343962223b613a373a7b733a323a226964223b733a313a2231223b733a333a22717479223b643a313b733a353a227072696365223b643a34303030303b733a343a226e616d65223b733a363a22333030205650223b733a363a2267616d626172223b733a31323a2276616c6f72616e742e6a7067223b733a353a22726f776964223b733a33323a226334636134323338613062393233383230646363353039613666373538343962223b733a383a22737562746f74616c223b643a34303030303b7d7d),
('iqsbfm1jldqo6vq7s76nrduf8ccrvchm', '::1', 1655111270, 0x5f5f63695f6c6173745f726567656e65726174657c693a313635353131313237303b726f6c655f69647c733a313a2231223b),
('isoecuqhfkqqvpkljg4eukotkn5nfmu4', '::1', 1654962041, 0x5f5f63695f6c6173745f726567656e65726174657c693a313635343936323033363b656d61696c7c733a31373a2241646d696e31406461727467632e636f6d223b726f6c655f69647c733a313a2231223b69645f6c6f67696e7c733a32323a2234333535373735383636326134623737386562636433223b69647c733a313a2232223b),
('ivi2t053ifn31j9ru91tqqi51ik69425', '::1', 1654603633, 0x5f5f63695f6c6173745f726567656e65726174657c693a313635343630333633333b),
('j0e0belk75nfjes0gl57lbbuqag3mf9s', '::1', 1654942008, 0x5f5f63695f6c6173745f726567656e65726174657c693a313635343934313839333b656d61696c7c733a31373a2241646d696e31406461727467632e636f6d223b726f6c655f69647c733a313a2231223b69645f6c6f67696e7c733a32323a2235333739333537313736326134356366386365666634223b69647c733a313a2232223b636172745f636f6e74656e74737c613a333a7b733a31303a22636172745f746f74616c223b643a34303030303b733a31313a22746f74616c5f6974656d73223b643a313b733a33323a226334636134323338613062393233383230646363353039613666373538343962223b613a373a7b733a323a226964223b733a313a2231223b733a333a22717479223b643a313b733a353a227072696365223b643a34303030303b733a343a226e616d65223b733a363a22333030205650223b733a363a2267616d626172223b733a31323a2276616c6f72616e742e6a7067223b733a353a22726f776964223b733a33323a226334636134323338613062393233383230646363353039613666373538343962223b733a383a22737562746f74616c223b643a34303030303b7d7d),
('jd5j3qgajoohbnd13g020qidqpl5opr0', '::1', 1655104435, 0x5f5f63695f6c6173745f726567656e65726174657c693a313635353130343433353b),
('jdtoivesmvcfrg5nlfs7jqoqep8m99lt', '::1', 1655690048, 0x5f5f63695f6c6173745f726567656e65726174657c693a313635353639303034383b656d61696c7c733a31373a2241646d696e31406461727467632e636f6d223b726f6c655f69647c733a313a2231223b69645f6c6f67696e7c733a32323a2238363931353030363036326166636664373039636333223b69647c733a313a2232223b636172745f636f6e74656e74737c613a333a7b733a31303a22636172745f746f74616c223b643a34303030303b733a31313a22746f74616c5f6974656d73223b643a313b733a33323a226334636134323338613062393233383230646363353039613666373538343962223b613a373a7b733a323a226964223b733a313a2231223b733a333a22717479223b643a313b733a353a227072696365223b643a34303030303b733a343a226e616d65223b733a363a22333030205650223b733a363a2267616d626172223b733a31323a2276616c6f72616e742e6a7067223b733a353a22726f776964223b733a33323a226334636134323338613062393233383230646363353039613666373538343962223b733a383a22737562746f74616c223b643a34303030303b7d7d),
('jfmdvl3mikfvnfp0recsb6ucmv0q96c7', '::1', 1654799809, 0x5f5f63695f6c6173745f726567656e65726174657c693a313635343739393830393b726f6c655f69647c733a313a2231223b656d61696c7c733a31373a2241646d696e31406461727467632e636f6d223b69645f6c6f67696e7c733a32333a223133343232383439353936326132336134386364343439223b69647c733a313a2232223b636172745f636f6e74656e74737c613a343a7b733a31303a22636172745f746f74616c223b643a3137303030303b733a31313a22746f74616c5f6974656d73223b643a333b733a33323a226334636134323338613062393233383230646363353039613666373538343962223b613a373a7b733a323a226964223b733a313a2231223b733a333a22717479223b643a313b733a353a227072696365223b643a34303030303b733a343a226e616d65223b733a363a22333030205650223b733a363a2267616d626172223b733a31323a2276616c6f72616e742e6a7067223b733a353a22726f776964223b733a33323a226334636134323338613062393233383230646363353039613666373538343962223b733a383a22737562746f74616c223b643a34303030303b7d733a33323a226338316537323864396434633266363336663036376638396363313438363263223b613a373a7b733a323a226964223b733a313a2232223b733a333a22717479223b643a323b733a353a227072696365223b643a36353030303b733a343a226e616d65223b733a363a22363235205650223b733a363a2267616d626172223b733a31323a2276616c6f72616e742e6a7067223b733a353a22726f776964223b733a33323a226338316537323864396434633266363336663036376638396363313438363263223b733a383a22737562746f74616c223b643a3133303030303b7d7d),
('k4m2a6p8bb5jd6ffd0smq6ou5c2klqcg', '::1', 1655026206, 0x5f5f63695f6c6173745f726567656e65726174657c693a313635353032363230363b666c6173687c733a3130313a223c64697620636c6173733d22616c65727420616c6572742d737563636573732220726f6c653d22616c657274223e5472616e73616b736920426572686173696c2120506573616e616e20616b616e2073656765726120646970726f7365732e3c2f6469763e223b5f5f63695f766172737c613a313a7b733a353a22666c617368223b733a333a226f6c64223b7d),
('kdfh4eg7k50rd9ih72lotfu43vd0uanm', '::1', 1655693536, 0x5f5f63695f6c6173745f726567656e65726174657c693a313635353639333533363b726f6c655f69647c733a313a2232223b656d61696c7c733a31363a227573657232406461727467632e636f6d223b69645f6c6f67696e7c733a32323a2239323232313935343536326166653035366162303661223b69647c733a313a2236223b),
('kg792oapcr2nohoa713f02aee9jl6ngp', '::1', 1654601224, 0x5f5f63695f6c6173745f726567656e65726174657c693a313635343630313232343b726f6c655f69647c733a313a2231223b),
('kgpppdfhaftvphu0c1s5k3ndk2ua3rsl', '::1', 1655691437, 0x5f5f63695f6c6173745f726567656e65726174657c693a313635353639313433373b656d61696c7c733a31373a2241646d696e31406461727467632e636f6d223b726f6c655f69647c733a313a2231223b69645f6c6f67696e7c733a32313a22323131353639333736326166643732363365633633223b69647c733a313a2232223b636172745f636f6e74656e74737c613a333a7b733a31303a22636172745f746f74616c223b643a38303030303b733a31313a22746f74616c5f6974656d73223b643a323b733a33323a226334636134323338613062393233383230646363353039613666373538343962223b613a373a7b733a323a226964223b733a313a2231223b733a333a22717479223b643a323b733a353a227072696365223b643a34303030303b733a343a226e616d65223b733a363a22333030205650223b733a363a2267616d626172223b733a31323a2276616c6f72616e742e6a7067223b733a353a22726f776964223b733a33323a226334636134323338613062393233383230646363353039613666373538343962223b733a383a22737562746f74616c223b643a38303030303b7d7d666c6173687c733a36373a223c64697620636c6173733d22616c65727420616c6572742d64616e6765722220726f6c653d22616c657274223e5472616e73616b736920476167616c213c2f6469763e223b5f5f63695f766172737c613a313a7b733a353a22666c617368223b733a333a226f6c64223b7d),
('kljcfp66gp0d1k238mfvs07ejiq15c18', '::1', 1654602997, 0x5f5f63695f6c6173745f726567656e65726174657c693a313635343630323939373b726f6c655f69647c733a313a2231223b656d61696c7c733a31373a2241646d696e31406461727467632e636f6d223b69645f6c6f67696e7c733a32323a2238363731393836353436323966333630396366366234223b69647c733a313a2232223b636172745f636f6e74656e74737c613a333a7b733a31303a22636172745f746f74616c223b643a34303030303b733a31313a22746f74616c5f6974656d73223b643a313b733a33323a226334636134323338613062393233383230646363353039613666373538343962223b613a373a7b733a323a226964223b733a313a2231223b733a333a22717479223b643a313b733a353a227072696365223b643a34303030303b733a343a226e616d65223b733a363a22333030205650223b733a363a2267616d626172223b733a31323a2276616c6f72616e742e6a7067223b733a353a22726f776964223b733a33323a226334636134323338613062393233383230646363353039613666373538343962223b733a383a22737562746f74616c223b643a34303030303b7d7d),
('l1jsbee4icigvvdks3e008n80eq8djq9', '::1', 1655098211, 0x5f5f63695f6c6173745f726567656e65726174657c693a313635353039383231313b666c6173687c733a3130313a223c64697620636c6173733d22616c65727420616c6572742d737563636573732220726f6c653d22616c657274223e5472616e73616b736920426572686173696c2120506573616e616e20616b616e2073656765726120646970726f7365732e3c2f6469763e223b5f5f63695f766172737c613a313a7b733a353a22666c617368223b733a333a226e6577223b7d),
('l4niff5qktf6dtd0shf8u6cph4106v3c', '::1', 1654859192, 0x5f5f63695f6c6173745f726567656e65726174657c693a313635343835393132313b726f6c655f69647c733a313a2231223b656d61696c7c733a31373a2241646d696e31406461727467632e636f6d223b69645f6c6f67696e7c733a32333a223138383831373434313836326133323537663235313735223b69647c733a313a2232223b),
('leab73l0cfdi92k5u6gcq7lt2b9hbuh4', '::1', 1655097057, 0x5f5f63695f6c6173745f726567656e65726174657c693a313635353039373035373b666c6173687c733a3130313a223c64697620636c6173733d22616c65727420616c6572742d737563636573732220726f6c653d22616c657274223e5472616e73616b736920426572686173696c2120506573616e616e20616b616e2073656765726120646970726f7365732e3c2f6469763e223b5f5f63695f766172737c613a313a7b733a353a22666c617368223b733a333a226f6c64223b7d),
('lepr5s3mgi6vrvkh084i02mfasdhpid4', '::1', 1654598189, 0x5f5f63695f6c6173745f726567656e65726174657c693a313635343539383138393b726f6c655f69647c733a313a2231223b656d61696c7c733a31373a2241646d696e31406461727467632e636f6d223b69645f6c6f67696e7c733a32333a223131333535353930383236323966323665623034383761223b69647c733a313a2232223b),
('ljr7b41a6t0p1d5e4sefr5fdsj4knhsp', '::1', 1654856571, 0x5f5f63695f6c6173745f726567656e65726174657c693a313635343835363537313b726f6c655f69647c733a313a2232223b),
('lk1crafju769j7fk4fhev877riva663i', '::1', 1655031162, 0x5f5f63695f6c6173745f726567656e65726174657c693a313635353033303931383b656d61696c7c733a31373a2241646d696e31406461727467632e636f6d223b726f6c655f69647c733a313a2231223b69645f6c6f67696e7c733a32333a223138373438303133333636326135623232303566366263223b69647c733a313a2232223b),
('lrjaaoae1hng3sqq3jata4fofpftpeld', '::1', 1655116087, 0x5f5f63695f6c6173745f726567656e65726174657c693a313635353131363038373b726f6c655f69647c733a313a2231223b),
('luvf52i04u1lo1if99c7lk7dacgc3h5s', '::1', 1654676873, 0x5f5f63695f6c6173745f726567656e65726174657c693a313635343637363837333b656d61696c7c733a31373a2241646d696e31406461727467632e636f6d223b726f6c655f69647c733a313a2231223b69645f6c6f67696e7c733a32323a2237393535343932303636326130353035346232396132223b69647c733a313a2232223b636172745f636f6e74656e74737c613a333a7b733a31303a22636172745f746f74616c223b643a34303030303b733a31313a22746f74616c5f6974656d73223b643a313b733a33323a226334636134323338613062393233383230646363353039613666373538343962223b613a373a7b733a323a226964223b733a313a2231223b733a333a22717479223b643a313b733a353a227072696365223b643a34303030303b733a343a226e616d65223b733a363a22333030205650223b733a363a2267616d626172223b733a31323a2276616c6f72616e742e6a7067223b733a353a22726f776964223b733a33323a226334636134323338613062393233383230646363353039613666373538343962223b733a383a22737562746f74616c223b643a34303030303b7d7d),
('m1bt1aakl4of03kji2u0li94tt81uilg', '::1', 1655112336, 0x5f5f63695f6c6173745f726567656e65726174657c693a313635353131323333363b726f6c655f69647c733a313a2231223b656d61696c7c733a31373a2241646d696e31406461727467632e636f6d223b69645f6c6f67696e7c733a32333a223139343037363538393836326137303032623438393136223b69647c733a313a2232223b636172745f636f6e74656e74737c613a333a7b733a31303a22636172745f746f74616c223b643a34303030303b733a31313a22746f74616c5f6974656d73223b643a313b733a33323a226334636134323338613062393233383230646363353039613666373538343962223b613a373a7b733a323a226964223b733a313a2231223b733a333a22717479223b643a313b733a353a227072696365223b643a34303030303b733a343a226e616d65223b733a363a22333030205650223b733a363a2267616d626172223b733a31323a2276616c6f72616e742e6a7067223b733a353a22726f776964223b733a33323a226334636134323338613062393233383230646363353039613666373538343962223b733a383a22737562746f74616c223b643a34303030303b7d7d),
('m5vrj1tudahqq60s945ju2g0dojh092j', '::1', 1654799444, 0x5f5f63695f6c6173745f726567656e65726174657c693a313635343739393434343b726f6c655f69647c733a313a2231223b656d61696c7c733a31373a2241646d696e31406461727467632e636f6d223b69645f6c6f67696e7c733a32333a223133343232383439353936326132336134386364343439223b69647c733a313a2232223b636172745f636f6e74656e74737c613a343a7b733a31303a22636172745f746f74616c223b643a3130353030303b733a31313a22746f74616c5f6974656d73223b643a323b733a33323a226334636134323338613062393233383230646363353039613666373538343962223b613a373a7b733a323a226964223b733a313a2231223b733a333a22717479223b643a313b733a353a227072696365223b643a34303030303b733a343a226e616d65223b733a363a22333030205650223b733a363a2267616d626172223b733a31323a2276616c6f72616e742e6a7067223b733a353a22726f776964223b733a33323a226334636134323338613062393233383230646363353039613666373538343962223b733a383a22737562746f74616c223b643a34303030303b7d733a33323a226338316537323864396434633266363336663036376638396363313438363263223b613a373a7b733a323a226964223b733a313a2232223b733a333a22717479223b643a313b733a353a227072696365223b643a36353030303b733a343a226e616d65223b733a363a22363235205650223b733a363a2267616d626172223b733a31323a2276616c6f72616e742e6a7067223b733a353a22726f776964223b733a33323a226338316537323864396434633266363336663036376638396363313438363263223b733a383a22737562746f74616c223b643a36353030303b7d7d),
('m6ua9c6tnrms1c85j7jao8v4d3g35j0m', '::1', 1655023439, 0x5f5f63695f6c6173745f726567656e65726174657c693a313635353032333433393b),
('mnv2raora8m50d1lk4qu4tahg8sbiin0', '::1', 1655690658, 0x5f5f63695f6c6173745f726567656e65726174657c693a313635353639303635383b656d61696c7c733a31373a2241646d696e31406461727467632e636f6d223b726f6c655f69647c733a313a2231223b69645f6c6f67696e7c733a32323a2238363931353030363036326166636664373039636333223b69647c733a313a2232223b636172745f636f6e74656e74737c613a333a7b733a31303a22636172745f746f74616c223b643a34303030303b733a31313a22746f74616c5f6974656d73223b643a313b733a33323a226334636134323338613062393233383230646363353039613666373538343962223b613a373a7b733a323a226964223b733a313a2231223b733a333a22717479223b643a313b733a353a227072696365223b643a34303030303b733a343a226e616d65223b733a363a22333030205650223b733a363a2267616d626172223b733a31323a2276616c6f72616e742e6a7067223b733a353a22726f776964223b733a33323a226334636134323338613062393233383230646363353039613666373538343962223b733a383a22737562746f74616c223b643a34303030303b7d7d),
('mpipl490vo3juj9ha2ce7c3g47jvivci', '::1', 1655020989, 0x5f5f63695f6c6173745f726567656e65726174657c693a313635353032303938393b),
('n03f7qbnbvvr8s6c4hcapalqolseqemb', '::1', 1655018372, 0x5f5f63695f6c6173745f726567656e65726174657c693a313635353031383337323b),
('n3cjckenkrbq6go7h0ilj555ot2h32n9', '::1', 1654943179, 0x5f5f63695f6c6173745f726567656e65726174657c693a313635343934333137393b),
('n797o477ki21ia46ntlc6otbtpfijvn2', '::1', 1655022756, 0x5f5f63695f6c6173745f726567656e65726174657c693a313635353032323735363b),
('na41s53lrdc9vknh3p5h2ei9fke6rjgv', '::1', 1655027926, 0x5f5f63695f6c6173745f726567656e65726174657c693a313635353032373932363b656d61696c7c733a31373a2241646d696e31406461727467632e636f6d223b726f6c655f69647c733a313a2231223b69645f6c6f67696e7c733a32333a223138373438303133333636326135623232303566366263223b69647c733a313a2232223b),
('nbm2o90svm5nab8hv0rlbc2kq5o0jhat', '::1', 1654938583, 0x5f5f63695f6c6173745f726567656e65726174657c693a313635343933383538333b656d61696c7c733a31373a2241646d696e31406461727467632e636f6d223b726f6c655f69647c733a313a2231223b69645f6c6f67696e7c733a32333a223132393436323538353436326134353031626462336133223b69647c733a313a2232223b),
('ncf86r4f27kai6u0im87r17lrl5sk6l4', '::1', 1655111653, 0x5f5f63695f6c6173745f726567656e65726174657c693a313635353131313635333b726f6c655f69647c733a313a2231223b),
('ncsbp1nagg5hp1b7pum6jvt3g56lhm76', '::1', 1654937653, 0x5f5f63695f6c6173745f726567656e65726174657c693a313635343933373635333b656d61696c7c733a31373a2241646d696e31406461727467632e636f6d223b726f6c655f69647c733a313a2231223b69645f6c6f67696e7c733a32333a223132393436323538353436326134353031626462336133223b69647c733a313a2232223b),
('nuf6hmrhjndpicu9buesoi6s8t31drkd', '::1', 1654679330, 0x5f5f63695f6c6173745f726567656e65726174657c693a313635343637393333303b656d61696c7c733a31373a2241646d696e31406461727467632e636f6d223b726f6c655f69647c733a313a2231223b69645f6c6f67696e7c733a32323a2237393535343932303636326130353035346232396132223b69647c733a313a2232223b636172745f636f6e74656e74737c613a333a7b733a31303a22636172745f746f74616c223b643a34303030303b733a31313a22746f74616c5f6974656d73223b643a313b733a33323a226334636134323338613062393233383230646363353039613666373538343962223b613a373a7b733a323a226964223b733a313a2231223b733a333a22717479223b643a313b733a353a227072696365223b643a34303030303b733a343a226e616d65223b733a363a22333030205650223b733a363a2267616d626172223b733a31323a2276616c6f72616e742e6a7067223b733a353a22726f776964223b733a33323a226334636134323338613062393233383230646363353039613666373538343962223b733a383a22737562746f74616c223b643a34303030303b7d7d),
('oang9gd7bsue9lsumrq7vr2svhs3np4p', '::1', 1655694757, 0x5f5f63695f6c6173745f726567656e65726174657c693a313635353639343735373b726f6c655f69647c733a313a2232223b656d61696c7c733a31363a227573657232406461727467632e636f6d223b69645f6c6f67696e7c733a32323a2239323232313935343536326166653035366162303661223b69647c733a313a2236223b),
('of1purdaumm50on4it1vmn1o7noq3jse', '::1', 1655111973, 0x5f5f63695f6c6173745f726567656e65726174657c693a313635353131313937333b726f6c655f69647c733a313a2231223b656d61696c7c733a31373a2241646d696e31406461727467632e636f6d223b69645f6c6f67696e7c733a32333a223139343037363538393836326137303032623438393136223b69647c733a313a2232223b),
('ofjsi9lvh1nhl93qekdc2t9tsdgfat6r', '::1', 1655697111, 0x5f5f63695f6c6173745f726567656e65726174657c693a313635353639363832363b726f6c655f69647c733a313a2231223b656d61696c7c733a31373a2241646d696e31406461727467632e636f6d223b69645f6c6f67696e7c733a32333a223230393736383135333036326166656564373538613436223b69647c733a313a2232223b),
('onso57tnc0t4i9udljubglckmqkkftmj', '::1', 1655563840, 0x5f5f63695f6c6173745f726567656e65726174657c693a313635353536333536323b726f6c655f69647c733a313a2231223b656d61696c7c733a31373a2241646d696e31406461727467632e636f6d223b69645f6c6f67696e7c733a32333a223131373731383038313436326164646564303235373761223b69647c733a313a2232223b636172745f636f6e74656e74737c613a343a7b733a31303a22636172745f746f74616c223b643a3130353030303b733a31313a22746f74616c5f6974656d73223b643a323b733a33323a226334636134323338613062393233383230646363353039613666373538343962223b613a373a7b733a323a226964223b733a313a2231223b733a333a22717479223b643a313b733a353a227072696365223b643a34303030303b733a343a226e616d65223b733a363a22333030205650223b733a363a2267616d626172223b733a31323a2276616c6f72616e742e6a7067223b733a353a22726f776964223b733a33323a226334636134323338613062393233383230646363353039613666373538343962223b733a383a22737562746f74616c223b643a34303030303b7d733a33323a226338316537323864396434633266363336663036376638396363313438363263223b613a373a7b733a323a226964223b733a313a2232223b733a333a22717479223b643a313b733a353a227072696365223b643a36353030303b733a343a226e616d65223b733a363a22363235205650223b733a363a2267616d626172223b733a31323a2276616c6f72616e742e6a7067223b733a353a22726f776964223b733a33323a226338316537323864396434633266363336663036376638396363313438363263223b733a383a22737562746f74616c223b643a36353030303b7d7d666c6173687c733a37333a223c64697620636c6173733d22616c65727420616c6572742d737563636573732220726f6c653d22616c657274223e557064617465204361727420426572686173696c213c2f6469763e223b5f5f63695f766172737c613a313a7b733a353a22666c617368223b733a333a226f6c64223b7d),
('or2jhtgn7d1ml20qrn8r10crocio40qi', '::1', 1654794907, 0x5f5f63695f6c6173745f726567656e65726174657c693a313635343739343930373b656d61696c7c733a31373a2241646d696e31406461727467632e636f6d223b726f6c655f69647c733a313a2231223b69645f6c6f67696e7c733a32323a2231353239373233353236326132323638656561633035223b69647c733a313a2232223b636172745f636f6e74656e74737c613a343a7b733a31303a22636172745f746f74616c223b643a3130353030303b733a31313a22746f74616c5f6974656d73223b643a323b733a33323a226334636134323338613062393233383230646363353039613666373538343962223b613a373a7b733a323a226964223b733a313a2231223b733a333a22717479223b643a313b733a353a227072696365223b643a34303030303b733a343a226e616d65223b733a363a22333030205650223b733a363a2267616d626172223b733a31323a2276616c6f72616e742e6a7067223b733a353a22726f776964223b733a33323a226334636134323338613062393233383230646363353039613666373538343962223b733a383a22737562746f74616c223b643a34303030303b7d733a33323a226338316537323864396434633266363336663036376638396363313438363263223b613a373a7b733a323a226964223b733a313a2232223b733a333a22717479223b643a313b733a353a227072696365223b643a36353030303b733a343a226e616d65223b733a363a22363235205650223b733a363a2267616d626172223b733a31323a2276616c6f72616e742e6a7067223b733a353a22726f776964223b733a33323a226338316537323864396434633266363336663036376638396363313438363263223b733a383a22737562746f74616c223b643a36353030303b7d7d),
('osg6llnus5oergqfojm6stjelst0icft', '::1', 1654939224, 0x5f5f63695f6c6173745f726567656e65726174657c693a313635343933393232343b656d61696c7c733a31373a2241646d696e31406461727467632e636f6d223b726f6c655f69647c733a313a2231223b69645f6c6f67696e7c733a32323a2235333739333537313736326134356366386365666634223b69647c733a313a2232223b),
('p53ebkisadtub6cerqqn7ha5u3h9cdjk', '::1', 1655105327, 0x5f5f63695f6c6173745f726567656e65726174657c693a313635353130353332373b656d61696c7c733a31373a2241646d696e31406461727467632e636f6d223b726f6c655f69647c733a313a2231223b69645f6c6f67696e7c733a32333a223135313937393134383136326136653362346335343538223b69647c733a313a2232223b),
('p7n3trlpmquc3phmriprl6l9f4j3i0li', '::1', 1654675126, 0x5f5f63695f6c6173745f726567656e65726174657c693a313635343637353132363b656d61696c7c733a31373a2241646d696e31406461727467632e636f6d223b726f6c655f69647c733a313a2231223b69645f6c6f67696e7c733a32323a2237393535343932303636326130353035346232396132223b69647c733a313a2232223b636172745f636f6e74656e74737c613a333a7b733a31303a22636172745f746f74616c223b643a34303030303b733a31313a22746f74616c5f6974656d73223b643a313b733a33323a226334636134323338613062393233383230646363353039613666373538343962223b613a373a7b733a323a226964223b733a313a2231223b733a333a22717479223b643a313b733a353a227072696365223b643a34303030303b733a343a226e616d65223b733a363a22333030205650223b733a363a2267616d626172223b733a31323a2276616c6f72616e742e6a7067223b733a353a22726f776964223b733a33323a226334636134323338613062393233383230646363353039613666373538343962223b733a383a22737562746f74616c223b643a34303030303b7d7d),
('pkvi9mdm7d8r0b8oarl4avr095rcfema', '::1', 1655025393, 0x5f5f63695f6c6173745f726567656e65726174657c693a313635353032353339333b666c6173687c733a3130313a223c64697620636c6173733d22616c65727420616c6572742d737563636573732220726f6c653d22616c657274223e5472616e73616b736920426572686173696c2120506573616e616e20616b616e2073656765726120646970726f7365732e3c2f6469763e223b5f5f63695f766172737c613a313a7b733a353a22666c617368223b733a333a226e6577223b7d),
('plun6rliog4lho1jilg07434mlappcl5', '::1', 1655030918, 0x5f5f63695f6c6173745f726567656e65726174657c693a313635353033303931383b656d61696c7c733a31373a2241646d696e31406461727467632e636f6d223b726f6c655f69647c733a313a2231223b69645f6c6f67696e7c733a32333a223138373438303133333636326135623232303566366263223b69647c733a313a2232223b),
('pnf1ksfh3ondo9bsmd1ejsciqfc28i7h', '::1', 1655694401, 0x5f5f63695f6c6173745f726567656e65726174657c693a313635353639343430313b726f6c655f69647c733a313a2232223b656d61696c7c733a31363a227573657232406461727467632e636f6d223b69645f6c6f67696e7c733a32323a2239323232313935343536326166653035366162303661223b69647c733a313a2236223b),
('po2gav4npqovdif30aajgegq9o5j0d30', '::1', 1654940501, 0x5f5f63695f6c6173745f726567656e65726174657c693a313635343934303530313b656d61696c7c733a31373a2241646d696e31406461727467632e636f6d223b726f6c655f69647c733a313a2231223b69645f6c6f67696e7c733a32323a2235333739333537313736326134356366386365666634223b69647c733a313a2232223b),
('q2to1gg0aek2anird6kvl0djbbvthl6h', '::1', 1654802050, 0x5f5f63695f6c6173745f726567656e65726174657c693a313635343830323035303b726f6c655f69647c733a313a2231223b656d61696c7c733a31373a2241646d696e31406461727467632e636f6d223b69645f6c6f67696e7c733a32333a223133343232383439353936326132336134386364343439223b69647c733a313a2232223b636172745f636f6e74656e74737c613a353a7b733a31303a22636172745f746f74616c223b643a3233303030303b733a31313a22746f74616c5f6974656d73223b643a333b733a33323a226334636134323338613062393233383230646363353039613666373538343962223b613a373a7b733a323a226964223b733a313a2231223b733a333a22717479223b643a313b733a353a227072696365223b643a34303030303b733a343a226e616d65223b733a363a22333030205650223b733a363a2267616d626172223b733a31323a2276616c6f72616e742e6a7067223b733a353a22726f776964223b733a33323a226334636134323338613062393233383230646363353039613666373538343962223b733a383a22737562746f74616c223b643a34303030303b7d733a33323a226338316537323864396434633266363336663036376638396363313438363263223b613a373a7b733a323a226964223b733a313a2232223b733a333a22717479223b643a313b733a353a227072696365223b643a36353030303b733a343a226e616d65223b733a363a22363235205650223b733a363a2267616d626172223b733a31323a2276616c6f72616e742e6a7067223b733a353a22726f776964223b733a33323a226338316537323864396434633266363336663036376638396363313438363263223b733a383a22737562746f74616c223b643a36353030303b7d733a33323a226563636263383765346235636532666532383330386664396632613762616633223b613a373a7b733a323a226964223b733a313a2233223b733a333a22717479223b643a313b733a353a227072696365223b643a3132353030303b733a343a226e616d65223b733a373a2231313235205650223b733a363a2267616d626172223b733a31323a2276616c6f72616e742e6a7067223b733a353a22726f776964223b733a33323a226563636263383765346235636532666532383330386664396632613762616633223b733a383a22737562746f74616c223b643a3132353030303b7d7d);
INSERT INTO `ci_sessions` (`id`, `ip_address`, `timestamp`, `data`) VALUES
('q57641r9ms1qmdl1uhucaecpn6f6sjkc', '::1', 1654781314, 0x5f5f63695f6c6173745f726567656e65726174657c693a313635343738313236343b656d61696c7c733a31373a2241646d696e31406461727467632e636f6d223b726f6c655f69647c733a313a2231223b69645f6c6f67696e7c733a32323a2231303230393237323236326131656636303238333962223b69647c733a313a2232223b636172745f636f6e74656e74737c613a343a7b733a31303a22636172745f746f74616c223b643a3130353030303b733a31313a22746f74616c5f6974656d73223b643a323b733a33323a226334636134323338613062393233383230646363353039613666373538343962223b613a373a7b733a323a226964223b733a313a2231223b733a333a22717479223b643a313b733a353a227072696365223b643a34303030303b733a343a226e616d65223b733a363a22333030205650223b733a363a2267616d626172223b733a31323a2276616c6f72616e742e6a7067223b733a353a22726f776964223b733a33323a226334636134323338613062393233383230646363353039613666373538343962223b733a383a22737562746f74616c223b643a34303030303b7d733a33323a226338316537323864396434633266363336663036376638396363313438363263223b613a373a7b733a323a226964223b733a313a2232223b733a333a22717479223b643a313b733a353a227072696365223b643a36353030303b733a343a226e616d65223b733a363a22363235205650223b733a363a2267616d626172223b733a31323a2276616c6f72616e742e6a7067223b733a353a22726f776964223b733a33323a226338316537323864396434633266363336663036376638396363313438363263223b733a383a22737562746f74616c223b643a36353030303b7d7d),
('qtb1cs2m1kci2c3s5l7eq34pc4v23gmb', '::1', 1655025694, 0x5f5f63695f6c6173745f726567656e65726174657c693a313635353032353639343b),
('qvpcaae6o791s9a99qvls58i15ugr78v', '::1', 1655113723, 0x5f5f63695f6c6173745f726567656e65726174657c693a313635353131333732333b726f6c655f69647c733a313a2231223b656d61696c7c733a31373a2241646d696e31406461727467632e636f6d223b69645f6c6f67696e7c733a32333a223139343037363538393836326137303032623438393136223b69647c733a313a2232223b636172745f636f6e74656e74737c613a333a7b733a31303a22636172745f746f74616c223b643a34303030303b733a31313a22746f74616c5f6974656d73223b643a313b733a33323a226334636134323338613062393233383230646363353039613666373538343962223b613a373a7b733a323a226964223b733a313a2231223b733a333a22717479223b643a313b733a353a227072696365223b643a34303030303b733a343a226e616d65223b733a363a22333030205650223b733a363a2267616d626172223b733a31323a2276616c6f72616e742e6a7067223b733a353a22726f776964223b733a33323a226334636134323338613062393233383230646363353039613666373538343962223b733a383a22737562746f74616c223b643a34303030303b7d7d),
('rgh77593obbn883v86n9es35r2d9lqce', '::1', 1654596383, 0x5f5f63695f6c6173745f726567656e65726174657c693a313635343539363338333b656d61696c7c733a31373a2241646d696e31406461727467632e636f6d223b726f6c655f69647c733a313a2231223b69645f6c6f67696e7c733a32323a2238363930373036323036323966313561643763363131223b69647c733a313a2232223b),
('rleojbij8cq2v88jo3jbi5o5mpda04g1', '::1', 1655696826, 0x5f5f63695f6c6173745f726567656e65726174657c693a313635353639363832363b726f6c655f69647c733a313a2232223b656d61696c7c733a31363a227573657232406461727467632e636f6d223b69645f6c6f67696e7c733a32323a2239323232313935343536326166653035366162303661223b69647c733a313a2236223b),
('rnotte50o1jo8coukc6ijj35j5681g5g', '::1', 1655561930, 0x5f5f63695f6c6173745f726567656e65726174657c693a313635353536313933303b656d61696c7c733a31373a2241646d696e31406461727467632e636f6d223b726f6c655f69647c733a313a2231223b69645f6c6f67696e7c733a32333a223230383135363430393836326164646438613330613064223b69647c733a313a2232223b636172745f636f6e74656e74737c613a343a7b733a31303a22636172745f746f74616c223b643a3130353030303b733a31313a22746f74616c5f6974656d73223b643a323b733a33323a226334636134323338613062393233383230646363353039613666373538343962223b613a373a7b733a323a226964223b733a313a2231223b733a333a22717479223b643a313b733a353a227072696365223b643a34303030303b733a343a226e616d65223b733a363a22333030205650223b733a363a2267616d626172223b733a31323a2276616c6f72616e742e6a7067223b733a353a22726f776964223b733a33323a226334636134323338613062393233383230646363353039613666373538343962223b733a383a22737562746f74616c223b643a34303030303b7d733a33323a226338316537323864396434633266363336663036376638396363313438363263223b613a373a7b733a323a226964223b733a313a2232223b733a333a22717479223b643a313b733a353a227072696365223b643a36353030303b733a343a226e616d65223b733a363a22363235205650223b733a363a2267616d626172223b733a31323a2276616c6f72616e742e6a7067223b733a353a22726f776964223b733a33323a226338316537323864396434633266363336663036376638396363313438363263223b733a383a22737562746f74616c223b643a36353030303b7d7d),
('ro02jfkjj6o43e2slc03uu8vhcvhcqfa', '::1', 1654795249, 0x5f5f63695f6c6173745f726567656e65726174657c693a313635343739353234393b656d61696c7c733a31373a2241646d696e31406461727467632e636f6d223b726f6c655f69647c733a313a2231223b69645f6c6f67696e7c733a32323a2231353239373233353236326132323638656561633035223b69647c733a313a2232223b636172745f636f6e74656e74737c613a343a7b733a31303a22636172745f746f74616c223b643a3130353030303b733a31313a22746f74616c5f6974656d73223b643a323b733a33323a226334636134323338613062393233383230646363353039613666373538343962223b613a373a7b733a323a226964223b733a313a2231223b733a333a22717479223b643a313b733a353a227072696365223b643a34303030303b733a343a226e616d65223b733a363a22333030205650223b733a363a2267616d626172223b733a31323a2276616c6f72616e742e6a7067223b733a353a22726f776964223b733a33323a226334636134323338613062393233383230646363353039613666373538343962223b733a383a22737562746f74616c223b643a34303030303b7d733a33323a226338316537323864396434633266363336663036376638396363313438363263223b613a373a7b733a323a226964223b733a313a2232223b733a333a22717479223b643a313b733a353a227072696365223b643a36353030303b733a343a226e616d65223b733a363a22363235205650223b733a363a2267616d626172223b733a31323a2276616c6f72616e742e6a7067223b733a353a22726f776964223b733a33323a226338316537323864396434633266363336663036376638396363313438363263223b733a383a22737562746f74616c223b643a36353030303b7d7d),
('s39h5ddhsr2cgkj70darvds4m4lq92r7', '::1', 1654802853, 0x5f5f63695f6c6173745f726567656e65726174657c693a313635343830323835333b726f6c655f69647c733a313a2231223b656d61696c7c733a31373a2241646d696e31406461727467632e636f6d223b69645f6c6f67696e7c733a32333a223133343232383439353936326132336134386364343439223b69647c733a313a2232223b636172745f636f6e74656e74737c613a363a7b733a31303a22636172745f746f74616c223b643a3538303030303b733a31313a22746f74616c5f6974656d73223b643a343b733a33323a226334636134323338613062393233383230646363353039613666373538343962223b613a373a7b733a323a226964223b733a313a2231223b733a333a22717479223b643a313b733a353a227072696365223b643a34303030303b733a343a226e616d65223b733a363a22333030205650223b733a363a2267616d626172223b733a31323a2276616c6f72616e742e6a7067223b733a353a22726f776964223b733a33323a226334636134323338613062393233383230646363353039613666373538343962223b733a383a22737562746f74616c223b643a34303030303b7d733a33323a226338316537323864396434633266363336663036376638396363313438363263223b613a373a7b733a323a226964223b733a313a2232223b733a333a22717479223b643a313b733a353a227072696365223b643a36353030303b733a343a226e616d65223b733a363a22363235205650223b733a363a2267616d626172223b733a31323a2276616c6f72616e742e6a7067223b733a353a22726f776964223b733a33323a226338316537323864396434633266363336663036376638396363313438363263223b733a383a22737562746f74616c223b643a36353030303b7d733a33323a226563636263383765346235636532666532383330386664396632613762616633223b613a373a7b733a323a226964223b733a313a2233223b733a333a22717479223b643a313b733a353a227072696365223b643a3132353030303b733a343a226e616d65223b733a373a2231313235205650223b733a363a2267616d626172223b733a31323a2276616c6f72616e742e6a7067223b733a353a22726f776964223b733a33323a226563636263383765346235636532666532383330386664396632613762616633223b733a383a22737562746f74616c223b643a3132353030303b7d733a33323a223136373930393163356138383066616636666235653630383765623162326463223b613a373a7b733a323a226964223b733a313a2236223b733a333a22717479223b643a313b733a353a227072696365223b643a3335303030303b733a343a226e616d65223b733a373a2233343030205650223b733a363a2267616d626172223b733a31323a2276616c6f72616e742e6a7067223b733a353a22726f776964223b733a33323a223136373930393163356138383066616636666235653630383765623162326463223b733a383a22737562746f74616c223b643a3335303030303b7d7d),
('se5u8h8ie8juv9hdiq24d59glnvtonv0', '::1', 1654941893, 0x5f5f63695f6c6173745f726567656e65726174657c693a313635343934313839333b656d61696c7c733a31373a2241646d696e31406461727467632e636f6d223b726f6c655f69647c733a313a2231223b69645f6c6f67696e7c733a32323a2235333739333537313736326134356366386365666634223b69647c733a313a2232223b636172745f636f6e74656e74737c613a333a7b733a31303a22636172745f746f74616c223b643a34303030303b733a31313a22746f74616c5f6974656d73223b643a313b733a33323a226334636134323338613062393233383230646363353039613666373538343962223b613a373a7b733a323a226964223b733a313a2231223b733a333a22717479223b643a313b733a353a227072696365223b643a34303030303b733a343a226e616d65223b733a363a22333030205650223b733a363a2267616d626172223b733a31323a2276616c6f72616e742e6a7067223b733a353a22726f776964223b733a33323a226334636134323338613062393233383230646363353039613666373538343962223b733a383a22737562746f74616c223b643a34303030303b7d7d),
('sisb8i7me5rsdcpvrk53q642g9qodcs0', '::1', 1654597564, 0x5f5f63695f6c6173745f726567656e65726174657c693a313635343539373536343b726f6c655f69647c733a313a2231223b656d61696c7c733a31373a2241646d696e31406461727467632e636f6d223b69645f6c6f67696e7c733a32333a223131333535353930383236323966323665623034383761223b69647c733a313a2232223b),
('spq35gamq88395o8a7b6u3qdjplkmm4h', '::1', 1654855733, 0x5f5f63695f6c6173745f726567656e65726174657c693a313635343835353733333b73756b7365737c733a38363a223c64697620636c6173733d22616c65727420616c6572742d64616e6765722220726f6c653d22616c657274223e5468697320656d61696c20686173206e6f74206265656e20616374697661746564212e3c2f6469763e223b5f5f63695f766172737c613a313a7b733a363a2273756b736573223b733a333a226f6c64223b7d),
('ssnvtfrnasu4cmcfkfsi92hsrapgj1ep', '::1', 1654678981, 0x5f5f63695f6c6173745f726567656e65726174657c693a313635343637383938313b656d61696c7c733a31373a2241646d696e31406461727467632e636f6d223b726f6c655f69647c733a313a2231223b69645f6c6f67696e7c733a32323a2237393535343932303636326130353035346232396132223b69647c733a313a2232223b636172745f636f6e74656e74737c613a333a7b733a31303a22636172745f746f74616c223b643a34303030303b733a31313a22746f74616c5f6974656d73223b643a313b733a33323a226334636134323338613062393233383230646363353039613666373538343962223b613a373a7b733a323a226964223b733a313a2231223b733a333a22717479223b643a313b733a353a227072696365223b643a34303030303b733a343a226e616d65223b733a363a22333030205650223b733a363a2267616d626172223b733a31323a2276616c6f72616e742e6a7067223b733a353a22726f776964223b733a33323a226334636134323338613062393233383230646363353039613666373538343962223b733a383a22737562746f74616c223b643a34303030303b7d7d),
('st09mb3g1gh6nvp122535rp79ml1ehef', '::1', 1655023772, 0x5f5f63695f6c6173745f726567656e65726174657c693a313635353032333737323b),
('tagenk6qg8mlefiic2u4fojh5lh24qa3', '::1', 1654943669, 0x5f5f63695f6c6173745f726567656e65726174657c693a313635343934333636393b656d61696c7c733a31373a2241646d696e31406461727467632e636f6d223b726f6c655f69647c733a313a2231223b69645f6c6f67696e7c733a32333a223230383639313935363536326134366463633766656261223b69647c733a313a2232223b),
('thoruhugm21vdaadbeg65vurv8ajncdl', '::1', 1655024901, 0x5f5f63695f6c6173745f726567656e65726174657c693a313635353032343930313b),
('tkgudtlqkptdanjano8idc074f5sul9r', '::1', 1655097535, 0x5f5f63695f6c6173745f726567656e65726174657c693a313635353039373533353b666c6173687c733a3130313a223c64697620636c6173733d22616c65727420616c6572742d737563636573732220726f6c653d22616c657274223e5472616e73616b736920426572686173696c2120506573616e616e20616b616e2073656765726120646970726f7365732e3c2f6469763e223b5f5f63695f766172737c613a313a7b733a353a22666c617368223b733a333a226f6c64223b7d),
('tl28fvr1p1go52htuf2spauhbf6alj1d', '::1', 1655563562, 0x5f5f63695f6c6173745f726567656e65726174657c693a313635353536333536323b726f6c655f69647c733a313a2231223b656d61696c7c733a31373a2241646d696e31406461727467632e636f6d223b69645f6c6f67696e7c733a32333a223131373731383038313436326164646564303235373761223b69647c733a313a2232223b636172745f636f6e74656e74737c613a343a7b733a31303a22636172745f746f74616c223b643a3130353030303b733a31313a22746f74616c5f6974656d73223b643a323b733a33323a226334636134323338613062393233383230646363353039613666373538343962223b613a373a7b733a323a226964223b733a313a2231223b733a333a22717479223b643a313b733a353a227072696365223b643a34303030303b733a343a226e616d65223b733a363a22333030205650223b733a363a2267616d626172223b733a31323a2276616c6f72616e742e6a7067223b733a353a22726f776964223b733a33323a226334636134323338613062393233383230646363353039613666373538343962223b733a383a22737562746f74616c223b643a34303030303b7d733a33323a226338316537323864396434633266363336663036376638396363313438363263223b613a373a7b733a323a226964223b733a313a2232223b733a333a22717479223b643a313b733a353a227072696365223b643a36353030303b733a343a226e616d65223b733a363a22363235205650223b733a363a2267616d626172223b733a31323a2276616c6f72616e742e6a7067223b733a353a22726f776964223b733a33323a226338316537323864396434633266363336663036376638396363313438363263223b733a383a22737562746f74616c223b643a36353030303b7d7d),
('tqgajd6rgu6065d0mh1mtpbrurmk410f', '::1', 1655099221, 0x5f5f63695f6c6173745f726567656e65726174657c693a313635353039393232313b),
('ts52aok6v4vppsb03qfq8s5qskb900bu', '::1', 1654678167, 0x5f5f63695f6c6173745f726567656e65726174657c693a313635343637383136373b656d61696c7c733a31373a2241646d696e31406461727467632e636f6d223b726f6c655f69647c733a313a2231223b69645f6c6f67696e7c733a32323a2237393535343932303636326130353035346232396132223b69647c733a313a2232223b636172745f636f6e74656e74737c613a333a7b733a31303a22636172745f746f74616c223b643a34303030303b733a31313a22746f74616c5f6974656d73223b643a313b733a33323a226334636134323338613062393233383230646363353039613666373538343962223b613a373a7b733a323a226964223b733a313a2231223b733a333a22717479223b643a313b733a353a227072696365223b643a34303030303b733a343a226e616d65223b733a363a22333030205650223b733a363a2267616d626172223b733a31323a2276616c6f72616e742e6a7067223b733a353a22726f776964223b733a33323a226334636134323338613062393233383230646363353039613666373538343962223b733a383a22737562746f74616c223b643a34303030303b7d7d666c6173687c733a36393a223c64697620636c6173733d22616c65727420616c6572742d737563636573732220726f6c653d22616c657274223e506573616e616e20426572686173696c213c2f6469763e223b5f5f63695f766172737c613a313a7b733a353a22666c617368223b733a333a226f6c64223b7d),
('tt0c2un0658mm8l3dujsuiq2vb5trbfr', '::1', 1654605624, 0x5f5f63695f6c6173745f726567656e65726174657c693a313635343630353632343b726f6c655f69647c733a313a2231223b656d61696c7c733a31373a2241646d696e31406461727467632e636f6d223b69645f6c6f67696e7c733a32323a2238363731393836353436323966333630396366366234223b69647c733a313a2232223b636172745f636f6e74656e74737c613a333a7b733a31303a22636172745f746f74616c223b643a34303030303b733a31313a22746f74616c5f6974656d73223b643a313b733a33323a226334636134323338613062393233383230646363353039613666373538343962223b613a373a7b733a323a226964223b733a313a2231223b733a333a22717479223b643a313b733a353a227072696365223b643a34303030303b733a343a226e616d65223b733a363a22333030205650223b733a363a2267616d626172223b733a31323a2276616c6f72616e742e6a7067223b733a353a22726f776964223b733a33323a226334636134323338613062393233383230646363353039613666373538343962223b733a383a22737562746f74616c223b643a34303030303b7d7d),
('um9i095agg5q3p21uroefnbg27dnjvb5', '::1', 1654939850, 0x5f5f63695f6c6173745f726567656e65726174657c693a313635343933393835303b656d61696c7c733a31373a2241646d696e31406461727467632e636f6d223b726f6c655f69647c733a313a2231223b69645f6c6f67696e7c733a32323a2235333739333537313736326134356366386365666634223b69647c733a313a2232223b),
('upk169npf9oc07ee2dmi5k2ffd96sjkg', '::1', 1655097859, 0x5f5f63695f6c6173745f726567656e65726174657c693a313635353039373835393b666c6173687c733a3130313a223c64697620636c6173733d22616c65727420616c6572742d737563636573732220726f6c653d22616c657274223e5472616e73616b736920426572686173696c2120506573616e616e20616b616e2073656765726120646970726f7365732e3c2f6469763e223b5f5f63695f766172737c613a313a7b733a353a22666c617368223b733a333a226e6577223b7d),
('v210ilkh6p365ktjf0es92mf4a8p333g', '::1', 1655029430, 0x5f5f63695f6c6173745f726567656e65726174657c693a313635353032393433303b656d61696c7c733a31373a2241646d696e31406461727467632e636f6d223b726f6c655f69647c733a313a2231223b69645f6c6f67696e7c733a32333a223138373438303133333636326135623232303566366263223b69647c733a313a2232223b666c6173687c733a3130313a223c64697620636c6173733d22616c65727420616c6572742d737563636573732220726f6c653d22616c657274223e5472616e73616b736920426572686173696c2120506573616e616e20616b616e2073656765726120646970726f7365732e3c2f6469763e223b5f5f63695f766172737c613a313a7b733a353a22666c617368223b733a333a226f6c64223b7d),
('v4dam4j8p5fmn35ib7f4bv26lnmcfi5n', '::1', 1655026629, 0x5f5f63695f6c6173745f726567656e65726174657c693a313635353032363632393b656d61696c7c733a31373a2241646d696e31406461727467632e636f6d223b726f6c655f69647c733a313a2231223b69645f6c6f67696e7c733a32333a223138373438303133333636326135623232303566366263223b69647c733a313a2232223b),
('v4pdvmv9u2nvh4icigq4umoo1v46hebq', '::1', 1655108014, 0x5f5f63695f6c6173745f726567656e65726174657c693a313635353130383031343b726f6c655f69647c733a313a2231223b),
('v7aogno3qugl0db5lccp1ehtoppukj4b', '::1', 1655021834, 0x5f5f63695f6c6173745f726567656e65726174657c693a313635353032313833343b),
('v837fi0vuqfb37vcusdj5imu5squ6iup', '::1', 1655095932, 0x5f5f63695f6c6173745f726567656e65726174657c693a313635353039353933323b666c6173687c733a3130313a223c64697620636c6173733d22616c65727420616c6572742d737563636573732220726f6c653d22616c657274223e5472616e73616b736920426572686173696c2120506573616e616e20616b616e2073656765726120646970726f7365732e3c2f6469763e223b5f5f63695f766172737c613a313a7b733a353a22666c617368223b733a333a226f6c64223b7d),
('v8pin3t9tsm0a46jqfp5r454t4huuden', '::1', 1655690353, 0x5f5f63695f6c6173745f726567656e65726174657c693a313635353639303335333b656d61696c7c733a31373a2241646d696e31406461727467632e636f6d223b726f6c655f69647c733a313a2231223b69645f6c6f67696e7c733a32323a2238363931353030363036326166636664373039636333223b69647c733a313a2232223b636172745f636f6e74656e74737c613a333a7b733a31303a22636172745f746f74616c223b643a34303030303b733a31313a22746f74616c5f6974656d73223b643a313b733a33323a226334636134323338613062393233383230646363353039613666373538343962223b613a373a7b733a323a226964223b733a313a2231223b733a333a22717479223b643a313b733a353a227072696365223b643a34303030303b733a343a226e616d65223b733a363a22333030205650223b733a363a2267616d626172223b733a31323a2276616c6f72616e742e6a7067223b733a353a22726f776964223b733a33323a226334636134323338613062393233383230646363353039613666373538343962223b733a383a22737562746f74616c223b643a34303030303b7d7d),
('vags3n1f7g6omt8409vku9hiiq8blv9o', '::1', 1654674801, 0x5f5f63695f6c6173745f726567656e65726174657c693a313635343637343830313b656d61696c7c733a31373a2241646d696e31406461727467632e636f6d223b726f6c655f69647c733a313a2231223b69645f6c6f67696e7c733a32323a2237393535343932303636326130353035346232396132223b69647c733a313a2232223b636172745f636f6e74656e74737c613a333a7b733a31303a22636172745f746f74616c223b643a34303030303b733a31313a22746f74616c5f6974656d73223b643a313b733a33323a226334636134323338613062393233383230646363353039613666373538343962223b613a373a7b733a323a226964223b733a313a2231223b733a333a22717479223b643a313b733a353a227072696365223b643a34303030303b733a343a226e616d65223b733a363a22333030205650223b733a363a2267616d626172223b733a31323a2276616c6f72616e742e6a7067223b733a353a22726f776964223b733a33323a226334636134323338613062393233383230646363353039613666373538343962223b733a383a22737562746f74616c223b643a34303030303b7d7d),
('vbmavllak6ett5630kov76ikq9qh8fap', '::1', 1654855107, 0x5f5f63695f6c6173745f726567656e65726174657c693a313635343835353130373b73756b7365737c733a3132363a223c64697620636c6173733d22616c65727420616c6572742d737563636573732220726f6c653d22616c657274223e436f6e67726174756c6174696f6e2120796f7572206163636f756e7420686173206265656e20637265617465642e20506c656173652061637469766520796f7572206163636f756e74213c2f6469763e223b5f5f63695f766172737c613a313a7b733a363a2273756b736573223b733a333a226f6c64223b7d),
('vc2lclncvmgm56hqtld93t8d4sr01t4p', '::1', 1655115339, 0x5f5f63695f6c6173745f726567656e65726174657c693a313635353131353333393b726f6c655f69647c733a313a2231223b73756b7365737c733a37323a223c64697620636c6173733d22616c65727420616c6572742d737563636573732220726f6c653d22616c657274223e416e646120626572686173696c206c6f676f75743c2f6469763e223b5f5f63695f766172737c613a313a7b733a363a2273756b736573223b733a333a226f6c64223b7d),
('vcvcrov57m45bfqq6rj7dk9vvquchus9', '::1', 1654605304, 0x5f5f63695f6c6173745f726567656e65726174657c693a313635343630353330343b726f6c655f69647c733a313a2231223b656d61696c7c733a31373a2241646d696e31406461727467632e636f6d223b69645f6c6f67696e7c733a32323a2238363731393836353436323966333630396366366234223b69647c733a313a2232223b636172745f636f6e74656e74737c613a333a7b733a31303a22636172745f746f74616c223b643a34303030303b733a31313a22746f74616c5f6974656d73223b643a313b733a33323a226334636134323338613062393233383230646363353039613666373538343962223b613a373a7b733a323a226964223b733a313a2231223b733a333a22717479223b643a313b733a353a227072696365223b643a34303030303b733a343a226e616d65223b733a363a22333030205650223b733a363a2267616d626172223b733a31323a2276616c6f72616e742e6a7067223b733a353a22726f776964223b733a33323a226334636134323338613062393233383230646363353039613666373538343962223b733a383a22737562746f74616c223b643a34303030303b7d7d),
('vdnu7mm6oansqohqqknn4fcus9c8h6l6', '::1', 1655693224, 0x5f5f63695f6c6173745f726567656e65726174657c693a313635353639333232343b656d61696c7c733a31373a2241646d696e31406461727467632e636f6d223b726f6c655f69647c733a313a2231223b69645f6c6f67696e7c733a32313a22323131353639333736326166643732363365633633223b69647c733a313a2232223b),
('vj3irl2dl7gliiotpl934d24cvf8stl4', '::1', 1654796338, 0x5f5f63695f6c6173745f726567656e65726174657c693a313635343739363333383b656d61696c7c733a31373a2241646d696e31406461727467632e636f6d223b726f6c655f69647c733a313a2231223b69645f6c6f67696e7c733a32323a2231353239373233353236326132323638656561633035223b69647c733a313a2232223b636172745f636f6e74656e74737c613a343a7b733a31303a22636172745f746f74616c223b643a3130353030303b733a31313a22746f74616c5f6974656d73223b643a323b733a33323a226334636134323338613062393233383230646363353039613666373538343962223b613a373a7b733a323a226964223b733a313a2231223b733a333a22717479223b643a313b733a353a227072696365223b643a34303030303b733a343a226e616d65223b733a363a22333030205650223b733a363a2267616d626172223b733a31323a2276616c6f72616e742e6a7067223b733a353a22726f776964223b733a33323a226334636134323338613062393233383230646363353039613666373538343962223b733a383a22737562746f74616c223b643a34303030303b7d733a33323a226338316537323864396434633266363336663036376638396363313438363263223b613a373a7b733a323a226964223b733a313a2232223b733a333a22717479223b643a313b733a353a227072696365223b643a36353030303b733a343a226e616d65223b733a363a22363235205650223b733a363a2267616d626172223b733a31323a2276616c6f72616e742e6a7067223b733a353a22726f776964223b733a33323a226338316537323864396434633266363336663036376638396363313438363263223b733a383a22737562746f74616c223b643a36353030303b7d7d),
('vjv0p1lujhgmrkdnpvgg5l8svb3qc25l', '::1', 1654797304, 0x5f5f63695f6c6173745f726567656e65726174657c693a313635343739373330343b656d61696c7c733a31373a2241646d696e31406461727467632e636f6d223b726f6c655f69647c733a313a2231223b69645f6c6f67696e7c733a32323a2231353239373233353236326132323638656561633035223b69647c733a313a2232223b636172745f636f6e74656e74737c613a353a7b733a31303a22636172745f746f74616c223b643a3333353030303b733a31313a22746f74616c5f6974656d73223b643a353b733a33323a226334636134323338613062393233383230646363353039613666373538343962223b613a373a7b733a323a226964223b733a313a2231223b733a333a22717479223b643a323b733a353a227072696365223b643a34303030303b733a343a226e616d65223b733a363a22333030205650223b733a363a2267616d626172223b733a31323a2276616c6f72616e742e6a7067223b733a353a22726f776964223b733a33323a226334636134323338613062393233383230646363353039613666373538343962223b733a383a22737562746f74616c223b643a38303030303b7d733a33323a226338316537323864396434633266363336663036376638396363313438363263223b613a373a7b733a323a226964223b733a313a2232223b733a333a22717479223b643a323b733a353a227072696365223b643a36353030303b733a343a226e616d65223b733a363a22363235205650223b733a363a2267616d626172223b733a31323a2276616c6f72616e742e6a7067223b733a353a22726f776964223b733a33323a226338316537323864396434633266363336663036376638396363313438363263223b733a383a22737562746f74616c223b643a3133303030303b7d733a33323a226563636263383765346235636532666532383330386664396632613762616633223b613a373a7b733a323a226964223b733a313a2233223b733a333a22717479223b643a313b733a353a227072696365223b643a3132353030303b733a343a226e616d65223b733a373a2231313235205650223b733a363a2267616d626172223b733a31323a2276616c6f72616e742e6a7067223b733a353a22726f776964223b733a33323a226563636263383765346235636532666532383330386664396632613762616633223b733a383a22737562746f74616c223b643a3132353030303b7d7d),
('vkbjarh10m945kg40ebfji76q9k97bae', '::1', 1655016506, 0x5f5f63695f6c6173745f726567656e65726174657c693a313635353031363530363b);

-- --------------------------------------------------------

--
-- Struktur dari tabel `detail_order`
--

CREATE TABLE `detail_order` (
  `id_detailorder` int(11) NOT NULL,
  `stok` int(11) NOT NULL,
  `harga` int(20) NOT NULL,
  `id_order` int(11) NOT NULL,
  `id_produk` int(11) NOT NULL
) ENGINE=InnoDB DEFAULT CHARSET=utf8mb4;

--
-- Dumping data untuk tabel `detail_order`
--

INSERT INTO `detail_order` (`id_detailorder`, `stok`, `harga`, `id_order`, `id_produk`) VALUES
(1, 1, 40000, 1, 1),
(3, 1, 805000, 4, 1),
(4, 1, 805000, 4, 7),
(5, 1, 80000, 5, 1),
(6, 1, 1234567, 6, 62);

--
-- Trigger `detail_order`
--
DELIMITER $$
CREATE TRIGGER `update_stokjual` AFTER INSERT ON `detail_order` FOR EACH ROW begin
update products
set stok=stok-new.stok where id_produk=new.id_produk;
end
$$
DELIMITER ;

-- --------------------------------------------------------

--
-- Struktur dari tabel `kategori`
--

CREATE TABLE `kategori` (
  `id_kategori` int(11) NOT NULL,
  `nama_kategori` varchar(255) NOT NULL
) ENGINE=InnoDB DEFAULT CHARSET=utf8mb4;

--
-- Dumping data untuk tabel `kategori`
--

INSERT INTO `kategori` (`id_kategori`, `nama_kategori`) VALUES
(1, 'Game Online'),
(2, 'Akun Game Online'),
(3, 'Item Game Online'),
(4, 'Voucher Code');

-- --------------------------------------------------------

--
-- Struktur dari tabel `order`
--

CREATE TABLE `order` (
  `id_order` int(11) NOT NULL,
  `tgl_order` datetime NOT NULL,
  `id_pelanggan` int(11) NOT NULL
) ENGINE=InnoDB DEFAULT CHARSET=utf8mb4;

--
-- Dumping data untuk tabel `order`
--

INSERT INTO `order` (`id_order`, `tgl_order`, `id_pelanggan`) VALUES
(1, '0000-00-00 00:00:00', 3),
(3, '2022-06-20 09:20:42', 3),
(4, '2022-06-20 09:29:09', 4),
(5, '2022-06-20 09:32:10', 5),
(6, '2022-06-20 09:51:51', 6);

-- --------------------------------------------------------

--
-- Struktur dari tabel `payment`
--

CREATE TABLE `payment` (
  `id_order` int(11) NOT NULL,
  `id_pelanggan` int(11) NOT NULL,
  `id_transaksi` char(20) NOT NULL,
  `gross_amount` int(11) NOT NULL,
  `payment_type` varchar(13) NOT NULL,
  `transaction_time` varchar(19) NOT NULL,
  `bank` varchar(10) NOT NULL,
  `va_number` varchar(30) NOT NULL,
  `pdf_url` text NOT NULL,
  `status_code` char(3) NOT NULL
) ENGINE=InnoDB DEFAULT CHARSET=utf8mb4;

--
-- Dumping data untuk tabel `payment`
--

INSERT INTO `payment` (`id_order`, `id_pelanggan`, `id_transaksi`, `gross_amount`, `payment_type`, `transaction_time`, `bank`, `va_number`, `pdf_url`, `status_code`) VALUES
(0, 0, '', 0, '', '', '', '', '', '200'),
(4, 0, '395706987', 805000, 'bank_transfer', '2022-06-20 09:29:07', 'bca', '78232868840', 'https://app.sandbox.midtrans.com/snap/v1/transactions/0a7a8120-79e3-498c-9a8a-898cdef20899/pdf', '201'),
(5, 0, '1244122521', 80000, 'bank_transfer', '2022-06-20 09:32:08', 'bca', '78232258419', 'https://app.sandbox.midtrans.com/snap/v1/transactions/902a6ecf-fb60-4f0e-9019-50af8b764466/pdf', '201'),
(6, 0, '1469653446', 1234567, 'bank_transfer', '2022-06-20 09:51:42', 'bca', '78232475474', 'https://app.sandbox.midtrans.com/snap/v1/transactions/3caee41b-bf70-4446-b08a-5b6ca6ca8e7f/pdf', '200');

-- --------------------------------------------------------

--
-- Struktur dari tabel `pelanggan`
--

CREATE TABLE `pelanggan` (
  `id_pelanggan` int(11) NOT NULL,
  `role` varchar(11) DEFAULT NULL,
  `name` varchar(50) NOT NULL,
  `email` varchar(50) NOT NULL,
  `kota` varchar(255) NOT NULL,
  `telp` varchar(20) NOT NULL,
  `keterangan` varchar(255) NOT NULL
) ENGINE=InnoDB DEFAULT CHARSET=utf8mb4;

--
-- Dumping data untuk tabel `pelanggan`
--

INSERT INTO `pelanggan` (`id_pelanggan`, `role`, `name`, `email`, `kota`, `telp`, `keterangan`) VALUES
(1, 'public', 'Dwi Arya Ramadhani', '122202002854@mhs.dinus.ac.id', 'SEMARANG', '082233455223', 'VALORANT'),
(2, 'public', 'Admin1', 'Admin1@dartgc.com', 'SEMARANG', '082233455223', 'TEST'),
(3, 'User', 'Admin1', 'Admin1@dartgc.com', 'SEMARANG', '08111123456', 'TEST'),
(4, 'User', 'Admin1', 'Admin1@dartgc.com', 'SEMARANG', '08111123456', 'TEST'),
(5, 'User', 'Admin1', 'Admin1@dartgc.com', 'SEMARANG', '08111123456', 'TEST3'),
(6, 'User', 'User2', 'user2@dartgc.com', 'DEPOK', '08111233312', 'USER2');

-- --------------------------------------------------------

--
-- Struktur dari tabel `products`
--

CREATE TABLE `products` (
  `id_produk` int(11) NOT NULL,
  `kode_produk` varchar(10) DEFAULT NULL,
  `nama_produk` varchar(255) NOT NULL,
  `gambar` varchar(255) NOT NULL,
  `harga` int(20) NOT NULL,
  `stok` varchar(255) NOT NULL,
  `keterangan` varchar(255) NOT NULL,
  `kategori` varchar(255) NOT NULL
) ENGINE=InnoDB DEFAULT CHARSET=utf8mb4;

--
-- Dumping data untuk tabel `products`
--

INSERT INTO `products` (`id_produk`, `kode_produk`, `nama_produk`, `gambar`, `harga`, `stok`, `keterangan`, `kategori`) VALUES
(1, 'VALOP300', '300 VP', 'valorant.jpg', 40000, '94', 'Valorant Points', 'Game Online'),
(2, 'VALOP625', '625 VP', 'valorant.jpg', 65000, '99', 'Valorant Points', 'Game Online'),
(3, 'VALOP1125', '1125 VP', 'valorant.jpg', 125000, '10', 'Valorant Points', 'Game Online'),
(4, 'VALOP1650', '1650 VP', 'valorant.jpg', 175000, '10', 'Valorant Points', 'Game Online'),
(5, 'VALOP1950', '1950 VP', 'valorant.jpg', 215000, '10', 'Valorant Points', 'Game Online'),
(6, 'VALOP3400', '3400 VP', 'valorant.jpg', 350000, '10', 'Valorant Points', 'Game Online'),
(7, 'VALOP7000', '7000 VP', 'valorant.jpg', 725000, '9', 'Valorant Points', 'Game Online'),
(8, 'PB1200', '1200 PB Cash', 'PointBlankID.jpg', 10000, '9', 'Cash Point Blank Zepetto', 'Game Online'),
(9, 'PB2400', '2400 PB Cash', 'PointBlankID.jpg', 19000, '10', 'Cash Point Blank Zepetto', 'Game Online'),
(10, 'PB6000', '6000 PB Cash', 'PointBlankID.jpg', 49000, '10', 'Cash Point Blank Zepetto', 'Game Online'),
(11, 'PB12000', '12000 PB Cash', 'PointBlankID.jpg', 98000, '9', 'Cash Point Blank Zepetto', 'Game Online'),
(12, 'PB24000', '24000 PB Cash', 'PointBlankID.jpg', 197000, '10', 'Cash Point Blank Zepetto', 'Game Online'),
(13, 'PB36000', '36000 PB Cash', 'PointBlankID.jpg', 295000, '10', 'Cash Point Blank Zepetto', 'Game Online'),
(14, 'PB60000', '60000 PB Cash', 'PointBlankID.jpg', 490000, '10', 'Cash Point Blank Zepetto', 'Game Online'),
(28, NULL, 'Valorant Account', 'Plat1.png', 60000, '1', 'RANK : PLAT 1\r\nSKIN : -\r\nSISA VP : 0\r\nSISA RP : 80\r\nTOTAL VP : -\r\nAGENT : UNLOCKED CHAMBER, KJ, NEON, VIPER\r\nBATTLEPASS : -\r\nCHANGE NICK : READY\r\nEMAIL : UNVERIFIED\r\nSTATUS : NON TRADE / BARTER', 'Akun Game Online'),
(32, NULL, '33 Shell', 'garenashells.png', 10000, '10', 'Voucher Garena Shell', 'Voucher Code'),
(33, NULL, '66 Shell', 'garenashells.png', 20000, '10', 'Voucher Garena Shell', 'Voucher Code'),
(34, NULL, '165 Shell', 'garenashells.png', 50000, '10', 'Voucher Garena Shell', 'Voucher Code'),
(35, NULL, '330 Shell', 'garenashells.png', 100000, '10', 'Voucher Garena Shell', 'Voucher Code'),
(36, NULL, 'Unipin 10.000', 'unipingiftcard.png', 10000, '10', 'Voucher Unipin', 'Voucher Code'),
(37, NULL, 'Unipin 20.000', 'unipingiftcard.png', 20000, '10', 'Voucher Unipin', 'Voucher Code'),
(38, NULL, 'Unipin 50.000', 'unipingiftcard.png', 50000, '10', 'Voucher Unipin', 'Voucher Code'),
(39, NULL, 'Unipin 100.000', 'unipingiftcard.png', 100000, '10', 'Voucher Unipin', 'Voucher Code'),
(40, NULL, 'Unipin 300.000', 'unipingiftcard.png', 300000, '10', 'Voucher Unipin', 'Voucher Code'),
(41, NULL, 'Unipin 500.000', 'unipingiftcard.png', 500000, '10', 'Voucher Unipin', 'Voucher Code'),
(42, '', 'Google Play Rp. 5000', 'googleplaygiftcard.png', 6000, '10', 'Voucher Google Play', 'Voucher Code'),
(43, '', 'Google Play Rp. 20.000', 'googleplaygiftcard.png', 21000, '10', 'Voucher Google Play', 'Voucher Code'),
(44, '', 'Google Play Rp. 50.000', 'googleplaygiftcard.png', 52000, '10', 'Voucher Google Play', 'Voucher Code'),
(45, '', 'Google Play Rp. 100.000', 'googleplaygiftcard.png', 102000, '10', 'Voucher Google Play', 'Voucher Code'),
(46, '', 'Google Play Rp. 150.000', 'googleplaygiftcard.png', 150000, '10', 'Voucher Google Play', 'Voucher Code'),
(47, '', 'Google Play Rp. 300.000', 'googleplaygiftcard.png', 300000, '10', 'Voucher Google Play', 'Voucher Code'),
(48, '', 'Google Play Rp. 500.000', 'googleplaygiftcard.png', 500000, '10', 'Voucher Google Play', 'Voucher Code'),
(49, '', 'Steam Wallet Rp. 6000', 'steamwallet.png', 8000, '10', 'Voucher Steam Wallet', 'Voucher Code'),
(50, '', 'Steam Wallet Rp. 12.000', 'steamwallet.png', 15000, '10', 'Voucher Steam Wallet', 'Voucher Code'),
(51, '', 'Steam Wallet Rp. 45.000', 'steamwallet.png', 50000, '10', 'Voucher Steam Wallet', 'Voucher Code'),
(52, '', 'Steam Wallet Rp. 60.000', 'steamwallet.png', 65000, '10', 'Voucher Steam Wallet', 'Voucher Code'),
(53, '', 'Steam Wallet Rp. 90.000', 'steamwallet.png', 105000, '10', 'Voucher Steam Wallet', 'Voucher Code'),
(54, '', 'Steam Wallet Rp. 120.000', 'steamwallet.png', 125000, '10', 'Voucher Steam Wallet', 'Voucher Code'),
(55, '', 'Steam Wallet Rp. 250.000', 'steamwallet.png', 260000, '10', 'Voucher Steam Wallet', 'Voucher Code'),
(56, '', 'Steam Wallet Rp. 400.000', 'steamwallet.png', 415000, '10', 'Voucher Steam Wallet', 'Voucher Code'),
(57, '', 'Steam Wallet Rp. 600.000', 'steamwallet.png', 700000, '10', 'Voucher Steam Wallet', 'Voucher Code'),
(58, NULL, 'Karambit | Fade', 'karambitfade.png', 27600000, '1', ' Karambit | Fade (Minimal Wear)\r\n Covert Knife\r\nGame : Counter-Strike: Global Offensive', 'Item Game Online'),
(59, NULL, 'StatTrak Butterfly Knife', 'butterflyknife-stattrak.png', 23500000, '4', ' StatTrak Butterfly Knife\r\n StatTrak Covert Knife\r\nGame : Counter-Strike: Global Offensive', 'Item Game Online'),
(60, NULL, 'Test Produk', '52.png', 1234567, '2', 'test', 'Akun Game Online'),
(61, NULL, 'Test 2', 'coolcatvalo.png', 12345678, '2', 'Test Produk', 'Voucher Code'),
(62, NULL, 'Test 3', 'Chicken_Noir_(2).jpg', 1234567, '0', 'Test Produk', 'Item Game Online');

--
-- Trigger `products`
--
DELIMITER $$
CREATE TRIGGER `delete_product` AFTER DELETE ON `products` FOR EACH ROW begin
insert into products_delete
(id_produk,
kode_produk,
nama_produk,
gambar,
harga,
stok,
keterangan,
kategori,
tgl_hapus,
nama_user
)
values
(old.id_produk,
old.kode_produk,
old.nama_produk,
old.gambar,
old.harga,
old.stok,
old.keterangan,
old.kategori,
SYSDATE(),
current_user
);
end
$$
DELIMITER ;

-- --------------------------------------------------------

--
-- Struktur dari tabel `products_delete`
--

CREATE TABLE `products_delete` (
  `id_produk` int(11) NOT NULL DEFAULT 0,
  `kode_produk` varchar(10) DEFAULT NULL,
  `nama_produk` varchar(255) NOT NULL,
  `gambar` varchar(255) NOT NULL,
  `harga` int(20) NOT NULL,
  `stok` varchar(255) NOT NULL,
  `keterangan` varchar(255) NOT NULL,
  `kategori` varchar(255) NOT NULL,
  `tgl_hapus` date DEFAULT NULL,
  `nama_user` varchar(255) DEFAULT NULL
) ENGINE=InnoDB DEFAULT CHARSET=utf8mb4;

-- --------------------------------------------------------

--
-- Struktur dari tabel `tambah_stok`
--

CREATE TABLE `tambah_stok` (
  `id` int(11) NOT NULL,
  `id_produk` int(11) DEFAULT NULL,
  `stok` int(11) DEFAULT NULL
) ENGINE=InnoDB DEFAULT CHARSET=utf8mb4;

--
-- Trigger `tambah_stok`
--
DELIMITER $$
CREATE TRIGGER `update_tambahstok` AFTER INSERT ON `tambah_stok` FOR EACH ROW begin
update products set stok=stok+new.stok where id_produk=new.id_produk;
end
$$
DELIMITER ;

-- --------------------------------------------------------

--
-- Struktur dari tabel `user`
--

CREATE TABLE `user` (
  `id` int(11) NOT NULL,
  `name` varchar(255) DEFAULT NULL,
  `email` varchar(255) DEFAULT NULL,
  `image` varchar(255) DEFAULT NULL,
  `password` varchar(255) DEFAULT NULL,
  `role_id` int(11) DEFAULT NULL,
  `is_active` int(1) DEFAULT NULL,
  `date_created` int(11) DEFAULT NULL
) ENGINE=InnoDB DEFAULT CHARSET=utf8mb4;

--
-- Dumping data untuk tabel `user`
--

INSERT INTO `user` (`id`, `name`, `email`, `image`, `password`, `role_id`, `is_active`, `date_created`) VALUES
(1, 'Dwi Arya Ramadhani', 'dwiaryar@dartgc.com', 'default1.png', '3906c5555ce71f0213701ac3e501198a', 2, 1, 1648292358),
(2, 'Admin1', 'Admin1@dartgc.com', 'dart128pxCLR.png', '202cb962ac59075b964b07152d234b70', 1, 1, 1648292358),
(6, 'User2', 'user2@dartgc.com', 'default.png', '202cb962ac59075b964b07152d234b70', 2, 1, 1649819717),
(11, 'User3', 'user3@dartgc.com', 'default.png', '202cb962ac59075b964b07152d234b70', 2, 0, 1653972127),
(15, 'Dwi Arya Ramadhani', '122202002854@mhs.dinus.ac.id', 'default.png', '81dc9bdb52d04dc20036dbd8313ed055', 2, 1, 1653977756),
(23, 'Dwi Arya Ramadhani', 'aryadika397@gmail.com', 'default.png', '202cb962ac59075b964b07152d234b70', 2, 1, 1655560331);

-- --------------------------------------------------------

--
-- Struktur dari tabel `user_access_menu`
--

CREATE TABLE `user_access_menu` (
  `id` int(11) NOT NULL,
  `role_id` int(11) DEFAULT NULL,
  `menu_id` int(11) DEFAULT NULL
) ENGINE=InnoDB DEFAULT CHARSET=utf8mb4;

--
-- Dumping data untuk tabel `user_access_menu`
--

INSERT INTO `user_access_menu` (`id`, `role_id`, `menu_id`) VALUES
(1, 1, 1),
(2, 1, 2),
(4, 1, 4),
(5, 1, 5),
(6, 1, 6),
(7, 2, 2),
(8, 2, 4),
(14, 0, 1),
(38, NULL, NULL);

-- --------------------------------------------------------

--
-- Struktur dari tabel `user_menu`
--

CREATE TABLE `user_menu` (
  `id` int(11) NOT NULL,
  `menu` varchar(128) DEFAULT NULL
) ENGINE=InnoDB DEFAULT CHARSET=utf8mb4;

--
-- Dumping data untuk tabel `user_menu`
--

INSERT INTO `user_menu` (`id`, `menu`) VALUES
(1, 'Admin'),
(2, 'User'),
(3, 'NullMenu'),
(4, 'Setting'),
(5, 'Menu'),
(6, 'Products'),
(7, 'test'),
(8, 'test2'),
(9, 'test3'),
(10, 'test4'),
(11, 'test5');

-- --------------------------------------------------------

--
-- Struktur dari tabel `user_role`
--

CREATE TABLE `user_role` (
  `id` int(11) NOT NULL,
  `role` varchar(255) DEFAULT NULL
) ENGINE=InnoDB DEFAULT CHARSET=utf8mb4;

--
-- Dumping data untuk tabel `user_role`
--

INSERT INTO `user_role` (`id`, `role`) VALUES
(1, 'Administrator'),
(2, 'Member'),
(5, 'Moderator');

-- --------------------------------------------------------

--
-- Struktur dari tabel `user_sub_menu`
--

CREATE TABLE `user_sub_menu` (
  `id` int(11) NOT NULL,
  `menu_id` int(11) DEFAULT NULL,
  `title` varchar(128) DEFAULT NULL,
  `url` varchar(128) DEFAULT NULL,
  `icon` varchar(128) DEFAULT NULL,
  `is_active` int(1) DEFAULT NULL
) ENGINE=InnoDB DEFAULT CHARSET=utf8mb4;

--
-- Dumping data untuk tabel `user_sub_menu`
--

INSERT INTO `user_sub_menu` (`id`, `menu_id`, `title`, `url`, `icon`, `is_active`) VALUES
(1, 1, 'Dashboard', 'admin/dashboard', 'fas fa-fw fa-tachometer-alt', 1),
(2, 2, 'My Profile', 'account/profile', 'fas fa-fw fa-user', 1),
(3, 2, 'Edit Profile', 'account/edit', 'fas fa-fw fa-user-edit', 1),
(4, 1, 'User List', 'admin/userlist', 'fas fa-fw fa-address-book', 1),
(5, 4, 'Recovery Password', 'account/recovery', 'fas fa-fw fa-rotate', 1),
(6, 5, 'Menu Management', 'menu', 'fas fa-fw fa-folder', 1),
(7, 5, 'SubMenu Management', 'menu/submenu', 'fas fa-fw fa-folder-open', 1),
(8, 6, 'Tambah Data', 'products/tambah', 'fas fa-fw fa-plus', 1),
(9, 6, 'Edit Data', 'products/edit', 'fas fa-fw fa-pen-to-square', 0),
(10, 6, 'List Produk', 'products/index', 'fas fa-fw fa-list', 1),
(11, 2, 'Daftar Produk', 'member/daftarproduk', 'fas fa-fw fa-list', 1),
(15, 1, 'Test', 'test', 'test', 0),
(16, 6, 'Tambah Kategori', 'products/tambahkategori', 'fas fa-fw fa-plus', 1),
(17, 6, 'Tambah Stok Produk', 'products/tambahstok', 'fas fa-fw fa-plus', 1),
(18, 2, 'Riwayat Transaksi', 'member/riwayattrx', 'fas fa-fw fa-history', 1),
(19, 4, 'Change Password', 'account/edit/changepassword', 'fas fa-fw fa-key', 1),
(22, 1, 'Role', 'admin/roleaccess', 'fas fa-fw fa-user-tie', 1);

-- --------------------------------------------------------

--
-- Struktur dari tabel `user_token`
--

CREATE TABLE `user_token` (
  `id` int(11) NOT NULL,
  `email` varchar(255) DEFAULT NULL,
  `token` varchar(255) DEFAULT NULL,
  `date_created` int(11) DEFAULT NULL
) ENGINE=InnoDB DEFAULT CHARSET=utf8mb4;

--
-- Dumping data untuk tabel `user_token`
--

INSERT INTO `user_token` (`id`, `email`, `token`, `date_created`) VALUES
(15, 'aryadika397@gmail.com', 'POEtaxBtTTCWhfQKXIF+U/FRHNQKqBW8O7WKa2D24M8=', 1655559417),
(16, 'aryadika397@gmail.com', 'fkmc1gqEiY/+oPQknpNggGAO5qdJ2BkzYbUwrdLrkNY=', 1655559520),
(19, 'aryadika397@gmail.com', 'HklMikLQftVmY8Rrtv86IhbgvrR6747mjB00JEx74E0=', 1655560331),
(20, 'aryadika397@gmail.com', '5dQodwR6H68/Bco+i9MDJypojwjRKw3LXwaXk2y5wV0=', 1655560467);

--
-- Indexes for dumped tables
--

--
-- Indeks untuk tabel `ci_sessions`
--
ALTER TABLE `ci_sessions`
  ADD PRIMARY KEY (`id`),
  ADD KEY `ci_sessions_timestamp` (`timestamp`);

--
-- Indeks untuk tabel `detail_order`
--
ALTER TABLE `detail_order`
  ADD PRIMARY KEY (`id_detailorder`);

--
-- Indeks untuk tabel `kategori`
--
ALTER TABLE `kategori`
  ADD PRIMARY KEY (`id_kategori`);

--
-- Indeks untuk tabel `order`
--
ALTER TABLE `order`
  ADD PRIMARY KEY (`id_order`);

--
-- Indeks untuk tabel `payment`
--
ALTER TABLE `payment`
  ADD PRIMARY KEY (`id_order`);

--
-- Indeks untuk tabel `pelanggan`
--
ALTER TABLE `pelanggan`
  ADD PRIMARY KEY (`id_pelanggan`);

--
-- Indeks untuk tabel `products`
--
ALTER TABLE `products`
  ADD PRIMARY KEY (`id_produk`);

--
-- Indeks untuk tabel `tambah_stok`
--
ALTER TABLE `tambah_stok`
  ADD PRIMARY KEY (`id`);

--
-- Indeks untuk tabel `user`
--
ALTER TABLE `user`
  ADD PRIMARY KEY (`id`);

--
-- Indeks untuk tabel `user_access_menu`
--
ALTER TABLE `user_access_menu`
  ADD PRIMARY KEY (`id`);

--
-- Indeks untuk tabel `user_menu`
--
ALTER TABLE `user_menu`
  ADD PRIMARY KEY (`id`);

--
-- Indeks untuk tabel `user_role`
--
ALTER TABLE `user_role`
  ADD PRIMARY KEY (`id`);

--
-- Indeks untuk tabel `user_sub_menu`
--
ALTER TABLE `user_sub_menu`
  ADD PRIMARY KEY (`id`);

--
-- Indeks untuk tabel `user_token`
--
ALTER TABLE `user_token`
  ADD PRIMARY KEY (`id`);

--
-- AUTO_INCREMENT untuk tabel yang dibuang
--

--
-- AUTO_INCREMENT untuk tabel `detail_order`
--
ALTER TABLE `detail_order`
  MODIFY `id_detailorder` int(11) NOT NULL AUTO_INCREMENT, AUTO_INCREMENT=7;

--
-- AUTO_INCREMENT untuk tabel `kategori`
--
ALTER TABLE `kategori`
  MODIFY `id_kategori` int(11) NOT NULL AUTO_INCREMENT, AUTO_INCREMENT=8;

--
-- AUTO_INCREMENT untuk tabel `order`
--
ALTER TABLE `order`
  MODIFY `id_order` int(11) NOT NULL AUTO_INCREMENT, AUTO_INCREMENT=7;

--
-- AUTO_INCREMENT untuk tabel `pelanggan`
--
ALTER TABLE `pelanggan`
  MODIFY `id_pelanggan` int(11) NOT NULL AUTO_INCREMENT, AUTO_INCREMENT=7;

--
-- AUTO_INCREMENT untuk tabel `products`
--
ALTER TABLE `products`
  MODIFY `id_produk` int(11) NOT NULL AUTO_INCREMENT, AUTO_INCREMENT=63;

--
-- AUTO_INCREMENT untuk tabel `tambah_stok`
--
ALTER TABLE `tambah_stok`
  MODIFY `id` int(11) NOT NULL AUTO_INCREMENT;

--
-- AUTO_INCREMENT untuk tabel `user`
--
ALTER TABLE `user`
  MODIFY `id` int(11) NOT NULL AUTO_INCREMENT, AUTO_INCREMENT=24;

--
-- AUTO_INCREMENT untuk tabel `user_access_menu`
--
ALTER TABLE `user_access_menu`
  MODIFY `id` int(11) NOT NULL AUTO_INCREMENT, AUTO_INCREMENT=40;

--
-- AUTO_INCREMENT untuk tabel `user_menu`
--
ALTER TABLE `user_menu`
  MODIFY `id` int(11) NOT NULL AUTO_INCREMENT, AUTO_INCREMENT=13;

--
-- AUTO_INCREMENT untuk tabel `user_role`
--
ALTER TABLE `user_role`
  MODIFY `id` int(11) NOT NULL AUTO_INCREMENT, AUTO_INCREMENT=6;

--
-- AUTO_INCREMENT untuk tabel `user_sub_menu`
--
ALTER TABLE `user_sub_menu`
  MODIFY `id` int(11) NOT NULL AUTO_INCREMENT, AUTO_INCREMENT=23;

--
-- AUTO_INCREMENT untuk tabel `user_token`
--
ALTER TABLE `user_token`
  MODIFY `id` int(11) NOT NULL AUTO_INCREMENT, AUTO_INCREMENT=26;
COMMIT;

/*!40101 SET CHARACTER_SET_CLIENT=@OLD_CHARACTER_SET_CLIENT */;
/*!40101 SET CHARACTER_SET_RESULTS=@OLD_CHARACTER_SET_RESULTS */;
/*!40101 SET COLLATION_CONNECTION=@OLD_COLLATION_CONNECTION */;
